-- phpMyAdmin SQL Dump
-- version 4.8.0.1
-- https://www.phpmyadmin.net/
--
-- Host: 127.0.0.1
-- Generation Time: Jul 16, 2018 at 09:28 AM
-- Server version: 10.1.32-MariaDB
-- PHP Version: 7.2.5

SET SQL_MODE = "NO_AUTO_VALUE_ON_ZERO";
SET AUTOCOMMIT = 0;
START TRANSACTION;
SET time_zone = "+00:00";


/*!40101 SET @OLD_CHARACTER_SET_CLIENT=@@CHARACTER_SET_CLIENT */;
/*!40101 SET @OLD_CHARACTER_SET_RESULTS=@@CHARACTER_SET_RESULTS */;
/*!40101 SET @OLD_COLLATION_CONNECTION=@@COLLATION_CONNECTION */;
/*!40101 SET NAMES utf8mb4 */;

--
-- Database: `tot`
--

-- --------------------------------------------------------

--
-- Table structure for table `data_tot`
--

CREATE TABLE `data_tot` (
  `number` varchar(13) NOT NULL,
  `name` varchar(255) NOT NULL,
  `location` varchar(255) NOT NULL,
  `promotion` varchar(255) NOT NULL,
  `deleated_at` date DEFAULT NULL
) ENGINE=InnoDB DEFAULT CHARSET=utf8;

--
-- Dumping data for table `data_tot`
--

INSERT INTO `data_tot` (`number`, `name`, `location`, `promotion`, `deleated_at`) VALUES
('001', 'โทรศัพท์ทางไกลระหว่างประเทศราคาประหยัด', 'การสื่อสารแห่งประเทศไทย', '3 บาท/ครั้ง', '2018-07-16'),
('001', 'โทรศัพท์ทางไกลระหว่างประเทศราคาประหยัด', 'การสื่อสารแห่งประเทศไทย', '3 บาท/ครั้ง', '2018-07-16'),
('001', 'โทรศัพท์ทางไกลระหว่างประเทศราคาประหยัด', 'การสื่อสารแห่งประเทศไทย', '3 บาท/ครั้ง', '2018-07-16'),
('002', 'โทรศัพท์ทางไกลระหว่างประเทศราคาประหยัด', 'บมจ.ทีโอที', 'คิดตาม promotion', '2018-07-13'),
('009', 'โทรศัพท์ระหว่างประเทศบนอินเตอร์เน็ท', 'การสื่อสารแห่งประเทศไทย', 'คิดตาม promotion', '2018-07-13'),
('068', 'บริการ Number MNP', 'บมจ.ทีโอที', 'ฟรี', '2018-07-13'),
('088 ', 'บริการ Toll Free', 'บมจ.ทีโอที', 'คิดตาม promotion', NULL),
('088 ', 'บริการ Toll Free', 'บมจ.ทีโอที', 'คิดตาม promotion', NULL),
('088 ', 'บริการ Toll Free', 'บมจ.ทีโอที', 'คิดตาม promotion', NULL),
('088 ', 'บริการ Toll Free', 'บมจ.ทีโอที', 'คิดตาม promotion', NULL),
('088 ', 'บริการ Toll Free', 'บมจ.ทีโอที', 'คิดตาม promotion', NULL),
('088 ', 'บริการ Toll Free', 'บจม.เทเลคอมเอเซีย คอร์ปอเรชั่น', 'คิดตาม promotion', NULL),
('088 ', 'บริการ Toll Free', 'บมจ.ทีโอที', 'คิดตาม promotion', NULL),
('088 ', 'บริการ Toll Free', 'บมจ.ทีโอที', 'คิดตาม promotion', NULL),
('088 ', 'บริการ Toll Free', 'บมจ.ทีโอที', 'คิดตาม promotion', NULL),
('088 ', 'บริการ Toll Free', 'บมจ.ทีโอที', 'คิดตาม promotion', NULL),
('088 ', 'บริการ Toll Free', 'บมจ.ทีโอที', 'คิดตาม promotion', NULL),
('100', 'บริการทางไกลต่างประเทศผ่านพนักงานสลับสาย(OPS)', 'การสื่อสารแห่งประเทศไทย', 'ฟรี', NULL),
('101', 'เรียกทางไกลในประเทศ และประเทศเพื่อนบ้าน(OPS)', 'บมจ.ทีโอที', 'ฟรี', NULL),
('102', 'Immediate Charge', 'บมจ.ทีโอที', 'คิดตาม promotion', NULL),
('104 ', 'Virtual Private Network', 'บมจ.ทีโอที', 'ฟรี', NULL),
('105', 'Virtual Private Network', 'บมจ.ทีโอที', 'ฟรี', NULL),
('107', 'โทรศัพท์สาธารณะแบบใช้บัตรเครดิต', 'บมจ.ทีโอที', 'ฟรี', NULL),
('108', 'Pin Phone บริการโทรศัพท์รหัสส่วนตัว', 'บมจ.ทีโอที', 'ฟรี', NULL),
('109', 'Calling Card Service (CCS)', 'บมจ.ทีโอที', 'ฟรี', NULL),
('141', 'Paging  (World Page)  โดยบริการ Voice Link', 'บริษัท Worldpage จำกัด และ                 บมจ.ทีโอที', '3 บาท/ครั้ง', NULL),
('142', 'Paging (World Page) โดยผ่าน Operator', 'บริษัท Worldpage จำกัด และ                 บมจ.ทีโอที', '3 บาท/ครั้ง', NULL),
('143', 'Paging  (World Page)  โดยบริการ Voice Link', 'บริษัท Worldpage จำกัด และ                 บมจ.ทีโอที', '3 บาท/ครั้ง', NULL),
('144', 'ทดสอบกระดิ่ง', 'บมจ.ทีโอที', 'ฟรี', NULL),
('145', 'SULIM ทดลองเลขหมายระบบ EWSD', 'บมจ.ทีโอที', 'ฟรี', NULL),
('151', 'Paging (Phonelink) โดยการกดเลขหมายโดยตรง', 'บมจ.ทีโอที', '3 บาท/ครั้ง', NULL),
('152', 'Paging (Phonelink) โดยผ่าน Operater', 'บมจ.ทีโอที', '3 บาท/ครั้ง', NULL),
('153', 'Paging (Phonelink) โดยบริการ Voice Link', 'บมจ.ทีโอที', '3 บาท/ครั้ง', NULL),
('161       ', 'Paging (Pagephone) โดยการกดเลขหมายโดยตรง', 'บริษัท ฮัทชิสัน เทเลคอมมิวนิเคชั่นส์', 'คิดตาม promotion', NULL),
('162  ', 'Paging (Pagephone) โดยผ่าน Operater', 'บริษัท ฮัทชิสัน เทเลคอมมิวนิเคชั่นส์', 'คิดตาม promotion', NULL),
('163     ', 'Paging (Pagephone) โดยบริการ Voice Link', 'บริษัท ฮัทชิสัน เทเลคอมมิวนิเคชั่นส์', 'คิดตาม promotion', NULL),
('181 ', 'เทียบเวลามาตรฐาน', 'กรมอุทกศาสตร์ ทหารเรือ', '3 บาท/ครั้ง', NULL),
('183', 'สอบถามเลขหมายต่างจังหวัด', 'บมจ.ทีโอที', 'ฟรี', NULL),
('184 ', 'ขสมก. รับเรื่องราวร้องเรียนและบริการ', 'องค์การขนส่งมวลชนกรุงเทพ ', '3 บาท/ครั้ง', NULL),
('189', 'รับเรื่องร้องเรียนเรื่องโทรศัพท์', 'บมจ.ทีโอที', 'ฟรี', NULL),
('191', 'แจ้งเหตุร้าย', 'สำนักงาตำรวจแห่งชาติ', 'ฟรี', NULL),
('191', 'แจ้งเหตุร้าย', 'สำนักงาตำรวจแห่งชาติ', 'ฟรี', NULL),
('191', 'แจ้งเหตุร้าย', 'สำนักงาตำรวจแห่งชาติ', 'ฟรี', NULL),
('191', 'แจ้งเหตุร้าย', 'สำนักงาตำรวจแห่งชาติ', 'ฟรี', NULL),
('191', 'แจ้งเหตุร้าย', 'สำนักงาตำรวจแห่งชาติ', 'ฟรี', NULL),
('191', 'แจ้งเหตุร้าย', 'สำนักงาตำรวจแห่งชาติ', 'ฟรี', NULL),
('191', 'แจ้งเหตุร้าย', 'สำนักงาตำรวจแห่งชาติ', 'ฟรี', NULL),
('191', 'แจ้งเหตุร้าย', 'สำนักงาตำรวจแห่งชาติ', 'ฟรี', NULL),
('192', 'เพื่อเป็นศูนย์กลางแจ้งเตือน กรณีเกิดเหตุฉุกเฉินและภัยพิบัติ', 'กระทรวงเทคโนโลยีสารสนเทศและสารสนเทศและการสื่อสาร (ศูนย์ประสานงานเหตุฉุกเฉินแห่งชาติ)', 'ฟรี', NULL),
('194', 'เพื่อใช้ในภารกิจถวายความปลอดภัยแก่พระราชวงศ์', 'กรมสื่อสารอิเล็กทรอนิกส์ทหารอากาศ กองทัพอากาศ', 'คิดตาม promotion', NULL),
('195 ', 'รับแจ้งเหตุด่วน-เหตุร้าย', 'ตำรวจกองปราบ', 'ฟรี', NULL),
('197', 'ศูนย์ควบคุมจราจร', 'ตำรวจจราจร', 'คิดตาม promotion', NULL),
('198', 'เพื่อการสื่อสารในกรณีเกิดสาธารณะภัย', 'สำนักเลขาธิการป้องกันภัยฝ่ายพลเรือน กรมการปกครอง', 'ฟรี', NULL),
('199', 'แจ้งดับเพลิง', 'กองบังคับการตำรวจดับเพลิง', 'ฟรี', NULL),
('199', 'แจ้งดับเพลิง', 'กองบังคับการตำรวจดับเพลิง', 'ฟรี', NULL),
('199', 'แจ้งดับเพลิง', 'กองบังคับการตำรวจดับเพลิง', 'ฟรี', NULL),
('199', 'แจ้งดับเพลิง', 'กองบังคับการตำรวจดับเพลิง', 'ฟรี', NULL),
('199', 'แจ้งดับเพลิง', 'กองบังคับการตำรวจดับเพลิง', 'ฟรี', NULL),
('1060', 'บริการบนระบบ IN ใหม่ ( ทดลอง )', 'บมจ.ทีโอที', 'คิดตาม promotion', NULL),
('1070', 'บริการบนระบบ IN ใหม่ ( ทดลอง )', 'บมจ.ทีโอที', 'คิดตาม promotion', NULL),
('1090', 'บริการบนระบบ IN ใหม่ ( ทดลอง )', 'บมจ.ทีโอที', 'คิดตาม promotion', NULL),
('1100', 'บริการตอบรับโทรศัพท์ของ TOT ในการแจ้งข่าวสารต่างๆ', 'บมจ.ทีโอที', 'ฟรี', NULL),
('1101', 'เพื่อเพิ่มประสิทธิภาพในการให้บริการลูกค้า', 'บจก.กิฟฟารีน สกายไลน์ ยูนิตี้', 'คิดตาม promotion', NULL),
('1101 ', 'แจ้งให้ผู้เช่าทราบเลขหมายปลายทางที่ผู้เช่าติดต่อไม่ได้', 'บมจ.ทีโอที', 'ฟรี', NULL),
('1102', 'เพื่อใช้เป็น Call Center สำนักเลขาวุฒิสภา', 'สำนักเลขาวุฒิสภา', 'คิดตาม promotion', NULL),
('1103', 'เพื่อใช้เป็น Call Center', 'บมจ. TT&T', 'ฟรี', NULL),
('1104', 'เพื่อให้ลูกค้าสามารถติดต่อได้ง่าย สะดวก และรวดเร็วขึ้น', 'บริษัท ซื่อตรงพร็อพเพอร์ตี้ จำกัด', 'คิดตาม promotion', NULL),
('1104', 'ศูนย์กลางให้คำปรึกษาและเชื่อมโยงหน่วยงาน SMEs', 'มหาวิทยาลัยแม่ฟ้าหลวง', 'คิดตาม promotion', NULL),
('1105', 'Call Center', 'สำนักงานส่งเสริมการจัดประชุมและนิทรรศการ (องค์การมหาชน)', 'คิดตาม promotion', NULL),
('1105', 'ลูกค้าเปลี่ยนแปลงข้อมูลของบริการ  Virtual Private Network', 'บมจ.ทีโอที', 'ฟรี', NULL),
('1106', 'เพื่ออำนวยความสะดวกแก่ลูกค้า', 'บจก.เอเซียน เมดิคอล ดีไวส์', 'คิดตาม promotion', NULL),
('1107', 'Call Center', 'บ.วี.พี.สตีล แอนด์ ไวร์เมช จก.', 'คิดตาม promotion', NULL),
('1107 ', 'งานห้อง MDF', 'บมจ.ทีโอที', 'ฟรี', NULL),
('1107 ', 'งานบำรุงรักษาข่ายสาย', 'บมจ.ทีโอที', 'ฟรี', NULL),
('1107 ', 'งานบำรุงรักษาเครื่องชุมสาย', 'บมจ.ทีโอที', 'ฟรี', NULL),
('1107 ', 'งานบำรุงรักษาอุปกรณ์สื่อสัญญาณ', 'บมจ.ทีโอที', 'ฟรี', NULL),
('1107 ', 'งานบำรุงรักษาอุปกรณ์การกำลัง', 'บมจ.ทีโอที', 'ฟรี', NULL),
('1107 ', 'งานติดตามหนี้', 'บมจ.ทีโอที', 'ฟรี', NULL),
('1107 ', 'งานติดตั้ง โอน ย้ายทะเบียบคู่สาย', 'บมจ.ทีโอที', 'ฟรี', NULL),
('1107 ', 'งานโทรศัพท์สาธารณะ', 'บมจ.ทีโอที', 'ฟรี', NULL),
('1107 ', '-', 'บมจ.ทีโอที', 'ฟรี', NULL),
('1107 ', '-', 'บมจ.ทีโอที', 'ฟรี', NULL),
('1108', 'เพื่ออำนวยความสะดวกแก่ลูกค้า', 'บมจ.คราวน์ เทค แอดวานซ์', 'คิดตาม promotion', NULL),
('1109', 'เป็นศูนย์บริการข้อมูลทางโทรศัพท์เกี่ยวกับสินค้าอุปโภคบริโภค', 'บ.มีเซ้นส์ จก.', 'คิดตาม promotion', NULL),
('1109', 'Fax on demand เกี่ยวกับการแจ้ง Office Data และเปิด Translator', 'บมจ.ทีโอที', 'ฟรี', NULL),
('1110', 'เพื่อใช้ในการให้บริการข้อมูล Live Information Service', 'บริษัท สามารถ มัลติมีเดีย จำกัด', 'คิดตาม promotion', NULL),
('1111', 'เพื่อเปิดให้บริการศูนย์ข้อมูลภาครัฐเพื่อประชาชน', 'Government Contact Center', '3 บาท/นาที', NULL),
('1112', 'บริการ Call Center', 'บมจ.เดอะไมเนอร์ ฟู๊ดกรุ๊ป   (บมจ.เดอะพิซซ่า)', 'คิดตาม promotion', NULL),
('1112', 'บริการ Call Center', 'บมจ.เดอะไมเนอร์ ฟู๊ดกรุ๊ป   (บมจ.เดอะพิซซ่า)', 'คิดตาม promotion', NULL),
('1112', 'บริการ Call Center', 'บมจ.เดอะไมเนอร์ ฟู๊ดกรุ๊ป   (บมจ.เดอะพิซซ่า)', 'คิดตาม promotion', NULL),
('1112', 'บริการ Call Center', 'บมจ.เดอะไมเนอร์ ฟู๊ดกรุ๊ป   (บมจ.เดอะพิซซ่า)', 'คิดตาม promotion', NULL),
('1112', 'บริการ Call Center', 'บมจ.เดอะไมเนอร์ ฟู๊ดกรุ๊ป   (บมจ.เดอะพิซซ่า)', 'คิดตาม promotion', NULL),
('1112', 'บริการ Call Center', 'บมจ.เดอะไมเนอร์ ฟู๊ดกรุ๊ป   (บมจ.เดอะพิซซ่า)', 'คิดตาม promotion', NULL),
('1113', 'เพื่อใช้ในการให้บริการข้อมูล Live Information Service', 'บริษัท สามารถ มัลติมีเดีย จำกัด', 'คิดตาม promotion', NULL),
('1114', 'Call Center', 'บ.โตโยต้านนทบุรี ผู้จำหน่ายโตโยต้า จก.', 'คิดตาม promotion', NULL),
('1115', 'บริการตอบสนองความต้องการของประชาชนทั่วไปที่ประกอบอาชีพอิสระ', 'ธนาคารออมสิน', 'คิดตาม promotion', NULL),
('1116', 'Call Center', 'บริษัท บางกอกโคมัตสุเซลล์ จำกัด', 'คิดตาม promotion', NULL),
('1117', 'เพื่อให้บริการธุรกิจด้าน E-Commerce ฯลฯ', 'บ.เจ มาร์ท จำกัด', 'คิดตาม promotion', NULL),
('1118', 'เพื่อเป็นช่องทางการติดต่อสื่อสารของลูกค้ากับบริษัทที่สะดวกรวดเร็วและจดจำง่าย', 'บริษัท กรุงไทยแลนด์ ดีวีลอปเมนท์ จำกัด', 'คิดตาม promotion', NULL),
('1118', 'เพื่อใช้รับเรื่อง-ข้อร้องเรียนบริการโทรคมนาคมต่างประเทศ', 'บมจ.ทีโอที', 'ฟรี', NULL),
('1119', 'Call Center', 'บริษัท เจ้าพระยาประกันภัย จำกัด', 'คิดตาม promotion', NULL),
('1119', 'เพื่อใช้เป็น Call Center', 'บ. AIS', 'คิดตาม promotion', NULL),
('1120', 'บริการติดต่อเกี่ยวกับการเปลี่ยนอัตราค่าบริการโทรศัพท์รูปแบบใหม่', 'บมจ.ทีโอที', 'ฟรี', NULL),
('1121', 'เพื่ออำนวยความสะดวกแก่ลูกค้าของธนาคาร', 'ธนาคารกรุงศรีอยุธยา', 'คิดตาม promotion', NULL),
('1122', 'Call Center', 'สำนักงานปลัดสำนักนายกรัฐมนตรี', 'คิดตาม promotion', NULL),
('1122', 'ศูนย์รวมข่าว ทศท.', 'บมจ.ทีโอที', '6 บาท/นาที', NULL),
('1123', 'ให้บริการแก่ประชาชนในการรับแจ้งเหตุด่วน เหตุร้ายต่างๆ', 'กองกลาง สำนักงานปลัดกระทรวงคมนาคม', 'ฟรี', NULL),
('1124', 'บริการต่อผู้เอาประกันชีวิต โครงการ การตลาดตรง', 'บ.ไทยประกันชีวิต จำกัด', 'คิดตาม promotion', NULL),
('1125', 'แจ้งการใช้น้ำประปาในเขตนครหลวง', 'การประปานครหลวง', 'คิดตาม promotion', NULL),
('1126', 'เพื่อใช้เป็น Call Center', 'บ.โอเรียนท์ไทย แอร์ไลน์ จำกัด', 'คิดตาม promotion', NULL),
('1128', 'Call Center เพื่ออำนวยความสะดวกและรวดเร็ว ในการทำการตลาดวิทยุคมนาคมระบบ Amp 800', 'บ.ฮัทชิสัน ซีเอที ไวร์เลส มัลติมีเดีย จำกัด', 'คิดตาม promotion', NULL),
('1129', 'บริการประชาชนในการรับแจ้งเหตุกระแสไฟฟ้าขัดข้อง', 'การไฟฟ้าภูมิภาค', '3 บาท/ครั้ง', NULL),
('1130', 'ให้บริการข้อมูลคำปรึกษาและบริการแก่ผู้ใช้ไฟฟ้า ', 'การไฟฟ้านครหลวง', 'คิดตาม promotion', NULL),
('1131', 'เพื่อใช้สำหรับการดำเนินงานเป็นศูนย์บริการข้อมูล', 'องค์การบริหารส่วนจังหวัด', '3 บาท/ครั้ง', NULL),
('1131', 'เพื่อใช้สำหรับการดำเนินงานเป็นศูนย์บริการข้อมูล', 'องค์การบริหารส่วนจังหวัด', '3 บาท/ครั้ง', NULL),
('1132', 'เพื่อใช้สำหรับการดำเนินงานเป็นศูนย์บริการข้อมูล', 'เทศบาลเมือง', '3 บาท/ครั้ง', NULL),
('1132', 'เพื่อใช้สำหรับการดำเนินงานเป็นศูนย์บริการข้อมูล', 'เทศบาลเมือง', '3 บาท/ครั้ง', NULL),
('1132', 'เพื่อใช้สำหรับการดำเนินงานเป็นศูนย์บริการข้อมูล', 'เทศบาลเมือง', '3 บาท/ครั้ง', NULL),
('1132', 'เพื่อใช้สำหรับการดำเนินงานเป็นศูนย์บริการข้อมูล', 'เทศบาลเมือง', '3 บาท/ครั้ง', NULL),
('1132', 'เพื่อใช้สำหรับการดำเนินงานเป็นศูนย์บริการข้อมูล', 'เทศบาลเมือง', '3 บาท/ครั้ง', NULL),
('1133', 'บริการสอบถามเลขหมายของ 1133 (DAS)', 'บมจ.ทีโอที', 'ฟรี', NULL),
('1134', 'เพื่อบริการช่วยเหลือเด็กและสตรีที่ถูกละเมิดสิทธิในด้านต่างๆ', 'มูลนิธิ ปวีณา หงสกุล', 'คิดตาม promotion', NULL),
('1135', 'แจ้งเหตุด่วนหรือร้องทุกข์', 'กองบังคับการปราบปรามความผิดเกี่ยวกับการคุ้มครองผู้บริโภค ', 'คิดตาม promotion', NULL),
('1136', 'รับแจ้งเหตุเกี่ยวกับการกระทำผิดกฎหมายว่าด้วยป่าไม้', 'กองกำกับการปราบปรามการกระทำผิดเกี่ยวกับทรัพย์../สิ่งแวดล้อม (สำนักงานตำรวจแห่งชาติ)', 'คิดตาม promotion', NULL),
('1137', 'รายงานข่าวสารการจราจรและสาระความรู้', 'บริษัทแปซิฟิค คอร์ปอเรชั่น จำกัด (จส.100)', 'คิดตาม promotion', NULL),
('1138', 'เพื่อใช้งานในการแจ้งข่าวสารปราบปรามยาเสพติด', 'กรมสื่อสารทหาร', 'ฟรี', NULL),
('1139', 'สนับสนุนการปฏิบัติงานด้านการข่าว', 'หน่วยข่าวกรองทหาร', 'ฟรี', NULL),
('1140', 'เพื่อใช้ในงานราชการของสำนักงานบริหารจัดการมาตรการเพิ่มการใช้จ่ายภาครัฐฯ', 'สำนักงบประมาณ', 'คิดตาม promotion', NULL),
('1141', 'TOT Smart call', 'บมจ.ทีโอที', '3 บาท/ครั้ง', NULL),
('1142', 'Call Center', 'บ.เอ.ดี เฮ้าส์ จก.', 'คิดตาม promotion', NULL),
('1142', 'ให้บริการลูกค้าในธุรกิจของ Call Center', 'บริษัท เลนโซ่ เพจจิ้ง จำกัด', 'คิดตาม promotion', NULL),
('1143', 'Call Center', 'บ.ที. เอ็น. อินฟอร์เมชั่นซิสเท็มส์ จก.', 'คิดตาม promotion', NULL),
('1143', 'Paging (Packlink) โดยบริการ  Voice Link', 'บริษัท เลนโซ่ เพจจิ้ง จำกัด', 'คิดตาม promotion', NULL),
('1144', 'Paging (Packlink) โดยผ่าน Operator', 'บริษัท เลนโซ่ เพจจิ้ง จำกัด', 'คิดตาม promotion', NULL),
('1145', 'Home Delivery', 'บริษัท เชสเตอร์ฟู้ด จำกัด', '3 บาท/ครั้ง', NULL),
('1145', 'Home Delivery', 'บริษัท เชสเตอร์ฟู้ด จำกัด', '3 บาท/ครั้ง', NULL),
('1145', 'Home Delivery', 'บริษัท เชสเตอร์ฟู้ด จำกัด', '3 บาท/ครั้ง', NULL),
('1145', 'Home Delivery', 'บริษัท เชสเตอร์ฟู้ด จำกัด', '3 บาท/ครั้ง', NULL),
('1145', 'Home Delivery', 'บริษัท เชสเตอร์ฟู้ด จำกัด', '3 บาท/ครั้ง', NULL),
('1146', 'เพื่ออำนวยความสะดวกในการติดต่อกับประชาชน', 'กรมทางหลวงชนบท', 'คิดตาม promotion', NULL),
('1147', 'เพื่องสะดวกต่อการติดต่อชอรับบริการจากลูกค้า พัฒนารูปแบบการให้บริการทางโทรศัพท์ที่เป็นมาตรฐานยิ่งขึ้น ', 'บริษัท ไซแมท เทคโนโลยี จำกัด (มหาชน)', 'คิดตาม promotion', NULL),
('1147', 'จัดตั้ง Call Center ของ บริษัทฯ', 'บ.อินทิเกรทเต็ด คอมมูนิเคชั่น จำกัด', 'คิดตาม promotion', NULL),
('1147 ', 'บริการต่อผู้เอาประกันชีวิต โครงการ Thai Life Call Center', 'บ.ไทยประกันชีวิต จำกัด', 'คิดตาม promotion', NULL),
('1148', 'สำหรับใช้งานสนับสนุนข้อมูลบริการลูกค้าระบบ GSM', 'บ. AIS', 'คิดตาม promotion', NULL),
('1149', 'สำหรับใช้งานสนับสนุนข้อมูลบริการลูกค้าระบบ One-2-call', 'บ. AIS', 'คิดตาม promotion', NULL),
('1150', 'สั่งซื้ออาหารทางโทรศัพท์และบริการรับข้อร้องเรียน', 'บริษัท เคเอฟซี อินเตอร์เนชันเนล (ประเทศไทย) จำกัด', 'คิดตาม promotion', NULL),
('1150', 'สั่งซื้ออาหารทางโทรศัพท์และบริการรับข้อร้องเรียน', 'บริษัท เคเอฟซี อินเตอร์เนชันเนล (ประเทศไทย) จำกัด', 'คิดตาม promotion', NULL),
('1150', 'สั่งซื้ออาหารทางโทรศัพท์และบริการรับข้อร้องเรียน', 'บริษัท เคเอฟซี อินเตอร์เนชันเนล (ประเทศไทย) จำกัด', 'คิดตาม promotion', NULL),
('1150', 'สั่งซื้ออาหารทางโทรศัพท์และบริการรับข้อร้องเรียน', 'บริษัท เคเอฟซี อินเตอร์เนชันเนล (ประเทศไทย) จำกัด', 'คิดตาม promotion', NULL),
('1150', 'สั่งซื้ออาหารทางโทรศัพท์และบริการรับข้อร้องเรียน', 'บริษัท เคเอฟซี อินเตอร์เนชันเนล (ประเทศไทย) จำกัด', 'คิดตาม promotion', NULL),
('1150', 'สั่งซื้ออาหารทางโทรศัพท์และบริการรับข้อร้องเรียน', 'บริษัท เคเอฟซี อินเตอร์เนชันเนล (ประเทศไทย) จำกัด', 'คิดตาม promotion', NULL),
('1150', 'สั่งซื้ออาหารทางโทรศัพท์และบริการรับข้อร้องเรียน', 'บริษัท เคเอฟซี อินเตอร์เนชันเนล (ประเทศไทย) จำกัด', 'คิดตาม promotion', NULL),
('1151', 'ส่งเสริมการขายและประชาสัมพันธ์ให้กับบริษัท และเพิ่มความสะดวกสบายในการติดต่อสื่อสารให้กับลูกค้า', 'บริษัท แลนด์ แอนด์ รีสอร์ท จำกัด', 'คิดตาม promotion', NULL),
('1152', 'Call Center', 'ศูนย์ปรองดองสมานฉันท์เพื่อการปฏิรูป (สวนรื่นฤดี)', 'คิดตาม promotion', NULL),
('1152', 'เพื่อให้บริการประชาชนติดต่อสอบถามการแทรกแซงสินค้าเกษตร', 'องค์การคลังสินค้า', 'คิดตาม promotion', NULL),
('1153', 'Call Center', 'บริษัท บี-ควิก จำกัด', 'คิดตาม promotion', NULL),
('1153', 'เพื่อใช้ในกิจการของศูนย์วิทยุกลาง', 'สำนักนายกรัฐมนตรี', 'คิดตาม promotion', NULL),
('1154', 'สำหรับให้บริการ Call Center', 'บริษัท เอเชียน ไฟย์โตชูติคอลลส์ จำกัด', 'คิดตาม promotion', NULL),
('1154', 'บริการสอบถามเลขหมายโทรศัพท์ทางโทรศัพท์', 'บ.เทเลอินโฟ มิเดีย จำกัด', 'คิดตาม promotion', NULL),
('1155', 'มุ่งเน้นเรื่องความปลอดภัยในชีวิตและทรัพย์สินนักท่องเที่ยว', 'ศูนย์อำนวยความสะดวกนักท่องเที่ยวและตำรวจท่องเที่ยว', 'ฟรี', NULL),
('1155', 'มุ่งเน้นเรื่องความปลอดภัยในชีวิตและทรัพย์สินนักท่องเที่ยว', 'ศูนย์อำนวยความสะดวกนักท่องเที่ยวและตำรวจท่องเที่ยว', 'ฟรี', NULL),
('1155', 'มุ่งเน้นเรื่องความปลอดภัยในชีวิตและทรัพย์สินนักท่องเที่ยว', 'ศูนย์อำนวยความสะดวกนักท่องเที่ยวและตำรวจท่องเที่ยว', 'ฟรี', NULL),
('1156', 'เพื่อให้บริการประชาชน', 'สำนักงานคณะกรรมการการอาชีวศึกษา', 'คิดตาม promotion', NULL),
('1156', 'เพื่อบริการข่าวสารสาระสำคัญของการปฏิรูปการศึกษา', 'คณะกรรมการการศึกษาแห่งชาติ', 'คิดตาม promotion', NULL),
('1157', 'เพื่อให้บริการข้อมูลทางกฏหมายแก่ ประชาชนทั่วไป', 'สำนักงานอัยการสูงสุด', 'คิดตาม promotion', NULL),
('1158', 'เพื่อให้ประชาชนได้รับความสะดวกในการติดต่อสอบถามช้อมูลต่าง ๆ ', 'สถาบันคุ้มครองเงินฝาก', 'คิดตาม promotion', NULL),
('1158', 'เพื่อบริการข้อมูลเกี่ยวกับคดีแรงงาน', 'สำนักงานอัยการสูงสุด', 'คิดตาม promotion', NULL),
('1159', 'สำหรับให้บริการ Call Center', 'บริษัท กรุงไทย-แอ็กซ่า ประกันชีวิต จำกัด (มหาชน)', 'คิดตาม promotion', NULL),
('1160', 'สำหรับให้บริการ Call Center', 'บริษัท สยามโกลบอลเฮ้าส์ จำกัด', 'คิดตาม promotion', NULL),
('1160', 'เพื่อเป็นสื่อกลางในการให้ข้อมูลข่าวสารความรู้ด้านการเกษตรที่ทันสมัย', 'อ.ส.ม.ท', 'คิดตาม promotion', NULL),
('1161', 'เพื่อให้บริการข้อมูลภาษีสรรพากร', 'กรมสรรพากร', 'คิดตาม promotion', NULL),
('1162', 'สำหรับให้บริการ Call Center', 'บริษัท เนสท์เล่ (ไทย) จำกัด', 'คิดตาม promotion', NULL),
('1163', 'เพื่อให้ประชาชนสามารถจดจำเลขหมายได้ง่ายขึ้น และใช้งานด้านสาธาณประโยชน์ในพื้นที่ จ.สงขลา', 'มูลนิธิมิตรภาพสามัคคี (ท่งเซียเซี่ยงตึ๊ง) จ.สงขลา และ มูลนิธิมหากุศลใต้เต็กเซี่ยงตึ้งนครศรีธรรมราช , มูลนิธิแม่กอเหนี่ยว จ.ยะลา', 'คิดตาม promotion', NULL),
('1164', 'เพื่อให้บริการสอบถามข้อมูลของการนำเข้าและส่งออกของกรมศุลกากร', 'กรมศุลกากร', 'คิดตาม promotion', NULL),
('1165', 'เพื่อให้บริการกับโครงการฮอทไลน์สายด่วนผู้บริโภค', 'กรมการแพทย์', 'คิดตาม promotion', NULL),
('1166', 'รณรงค์ให้ผู้บริโภคตระหนักและใช้สิทธิตามรัฐธรรมนูญ', 'สำนักงานคณะกรรมการคุ้มครองผู้บริโภค', 'คิดตาม promotion', NULL),
('1167', 'ให้คำปรึกษาหรือแนะนำเกี่ยวกับกฏหมาย การร่างนิติกรรมสัญญา', 'สภาทนายความ', 'คิดตาม promotion', NULL),
('1168', 'Call Center', 'บริษัท ซิเคียวริทัส (ประเทศไทย) จำกัด', 'คิดตาม promotion', NULL),
('1169', 'บริการข้อมูลเกี่ยวกับปัญหาการส่งออก', 'กรมส่งเสริมการส่งออก', 'คิดตาม promotion', NULL),
('1170', 'เสียงตามสายเครือข่ายเกษตร', 'กระทรวงเกษตรและสหกรณ์', 'คิดตาม promotion', NULL),
('1171', 'เผยแพร่ข้อมูลข่าวสารเกี่ยวกับการเลือกตั้งและรับเรื่องร้องเรียนจากประชาชน', 'สำนักงานคณะกรรมการเลือกตั้ง (กลต.)', '3 บาท/ครั้ง', NULL),
('1172', 'Call Center', 'บริษัท เจ้าพระยามหานคร จำกัด (มหาชน)', 'คิดตาม promotion', NULL),
('1173', 'เพื่อติดต่อและให้ข้อมูลที่เป็นประโยชน์กับลูกค้าและคู่ค้าของบริษัท', 'บมจ.เจ.เอส.พี.พร็อพเพอร์ตี้', 'คิดตาม promotion', NULL),
('1173', 'ให้บริการสอบถามข้อมูลต่างๆ ทางธุรกิจ (ขอระงับชั่วคราว ชขท./T0151/1 ปี44)', 'บจม.เยลโลว์ เพจ โฟน เซอร์ซ', 'คิดตาม promotion', NULL),
('1174', 'ให้บริการข้อมูลเกี่ยวกับยางพารา', 'กรมวิชาการเกษตร กระทรวงเกษตรและสหกรณ์', 'คิดตาม promotion', NULL),
('1175', 'งานบริการลูกค้าสัมพันธ์                               (Prioritycare Call Center)', 'บจม.แอดวานซ์ อินโฟร์ เซอร์วิส', 'คิดตาม promotion', NULL),
('1176', 'สำหรับให้บริการ Call Center', 'บริษัท ดี.ที.ซี.เอ็นเตอร์ไพรส์ จำกัด', 'คิดตาม promotion', NULL),
('1176', 'ตั้งศูนย์สายด่วนรับแจ้งเหตุใช้ในการประชุม APEC ', 'กองทัพภาคที่ 1', 'ฟรี', NULL),
('1176', 'งานบริการลูกค้า SMEs     ( Call Center)', 'บมจ.ทีโอที', 'ฟรี', NULL),
('1177', 'แจ้งโทรศัพท์เสีย', 'บมจ.ทีโอที', 'ฟรี', NULL),
('1178', 'รับแจ้งเหตุด่วน-เหตุร้ายเกี่ยวกับบุคคลต่างด้าว', 'สำนักตรวจคนเข้าเมือง', 'คิดตาม promotion', NULL),
('1178', 'รับแจ้งเหตุด่วน-เหตุร้ายเกี่ยวกับบุคคลต่างด้าว', 'สำนักตรวจคนเข้าเมือง', 'คิดตาม promotion', NULL),
('1178', 'รับแจ้งเหตุด่วน-เหตุร้ายเกี่ยวกับบุคคลต่างด้าว', 'สำนักตรวจคนเข้าเมือง', 'คิดตาม promotion', NULL),
('1179', 'บริการข้อมูลข่าวสารและตอบข้อสอบถาม กองทุน - กบข', 'กองทุนบำเหน็จบำนาญข้าราชการ (กบข)', 'คิดตาม promotion', NULL),
('1181', 'สำหรับให้บริการ Call Center', 'บริษัท ไทยสมายล์แอร์เวย์ จำกัด', 'คิดตาม promotion', NULL),
('1182', 'พยากรณ์อากาศ', 'กรมอุตุนิยมวิทยา', 'คิดตาม promotion', NULL),
('1183', 'สำหรับให้บริการ Call Center', 'บ.ทูนประกันชีวิต จก.', 'คิดตาม promotion', NULL),
('1184', 'สำหรับให้บริการ Call Center', 'บริษัท เอส.เอ็ม.ซี (ประเทศไทย) จำกัด', 'คิดตาม promotion', NULL),
('1185', 'บริการสอบถาม Hot Billing', 'บมจ.แอดวานซ์ ไวร์เลส เน็ทเวอร์ค ', 'คิดตาม promotion', NULL),
('1186', 'เพื่อเสริมสร้างประสิทธิภาพในการสื่อสารข้อมูล ข่าวสาร และตอบปัญหาข้อข้องใจแก่ประชาชน', 'กรมการประกันภัย กระทรวงพาณิชย์', '3 บาท/ครั้ง', NULL),
('1187', 'Call Center', 'บริษัท ดาต้า ซีดีเอ็มเอ คอมมูนิเคชั่น จำกัด', 'คิดตาม promotion', NULL),
('1187', 'Paging (Postel) โดยบริการ Voice Link ', 'กรมไปรษณีย์โทรเลข', 'คิดตาม promotion', NULL),
('1188', 'Paging (Postel) โดยผ่าน  Operator', 'กรมไปรษณีย์โทรเลข', 'คิดตาม promotion', NULL),
('1188', 'เพื่อใช้บริการข้อมูลด้วยเสียงทางโทรศัพท์ Audiotex', 'บ.เทเลอินโฟ มิเดีย จำกัด', 'คิดตาม promotion', NULL),
('1189', 'เพื่อประโยชน์ในถวายงานตามวัตถุประสงค์ของมูลนิธิณภาฯ โครงการส่วนพระองค์ฯ (พระเจ้าหลานเธอ พระองค์เจ้าพัชรกิติยาภาฯ)', 'มูลนิธิ ณภาฯ', 'คิดตาม promotion', NULL),
('1189', 'Paging (Postel) โดยบริการ Voice Link ', 'กรมไปรษณีย์โทรเลข', 'คิดตาม promotion', NULL),
('1190', 'เพื่อบริการประชาชนในการแจ้งเหตุด่วน-เหตุร้ายฯ', 'กองบัญชาการตำรวจตระเวนชายแดน', 'ฟรี', NULL),
('1191', 'แจ้งเหตุข้อมูลข่าวสารและพยานหลักฐานเกี่ยวกับอาชญากรรม', 'กองบังคับการปราบปรามการกระทำผิดเกี่ยวกับการค้ามนุษย์ (ตำรวจสอบสวนกลาง)', 'ฟรี', NULL),
('1192', 'กำกับดูแลการป้องกันและปราบปรามการโจรกรรมรถ', 'ตำรวจภูธรภาค 3 (สำนักงานตำรวจแห่งชาติ)', 'ฟรี', NULL),
('1193', 'ตำรวจทางหลวง', 'กองบังคับการตำรวจทางหลวง', 'ฟรี', NULL),
('1193', 'ตำรวจทางหลวง', 'กองบังคับการตำรวจทางหลวง', 'ฟรี', NULL),
('1193', 'ตำรวจทางหลวง', 'กองบังคับการตำรวจทางหลวง', 'ฟรี', NULL),
('1194', 'แจ้งเหตุข้อมูลข่าวสารและพยานหลักฐานเกี่ยวกับอาชญากรรม', 'สำนักงานจเรตำรวจ (ตำรวจสอบสวนกลาง)', 'ฟรี', NULL),
('1195', 'รับแจ้งเหตุด่วน-เหตุร้าย', 'กองบังคับการปราบปรามยาเสพติด และกองบังคับการปราบปราม ตำรวจกองปราบ', 'ฟรี', NULL),
('1196', 'แจ้งอุบัติเหตุทางน้ำ', 'กองบังคับการตำรวจน้ำ', 'ฟรี', NULL),
('1197', 'ศูนย์ควบคุมจราจร', 'กองบัญชาการตำรวจนครบาล (กองบังคับการตำรวจจราจร)', '3 บาท/ครั้ง', NULL),
('1198', 'Call Center', 'บริษัท แลนด์ แอนด์ เฮ้าส์', 'คิดตาม promotion', NULL),
('1199', 'รับแจ้งข้อเสนอ ข้อสังเกตุและคำร้องเรียนต่างๆของกรมเจ้าท่า', 'กรมเจ้าท่า', 'คิดตาม promotion', NULL),
('1200', 'Call Center  สำนักงาน กสทช.', 'กสทช.', 'ฟรี', NULL),
('1201', 'ศูนย์บริการประชาชน', 'ศาลรัฐธรรมนูญ', 'คิดตาม promotion', NULL),
('1202', 'สำหรับให้บริการ Call Center', 'กรมสอบสวนคดีพิเศษ', 'ฟรี', NULL),
('1203', 'ให้บริการประชาชน', 'กระทรวงพาณชิย์', '3 บาท/ครั้ง', NULL),
('1204', 'เพื่อใช้บริการ Call Center', 'สำนักงานคณะกรรมการกำกับกิจการพลังงาน (สำนักงาน กกพ.)', 'คิดตาม promotion', NULL),
('1205', 'สำหรับให้บริการ Call Center', 'สำนักงานป้องกันและปราบปรามทุจริตแห่งชาติ (ปปช.)', 'คิดตาม promotion', NULL),
('1206', 'รับแจ้งข้อมูลการทุจริตและให้รายงานข้อมูลไปยังศูนย์บัญชาการนายกรัฐมนตรี', 'สำนักงานป้องกันและปราบปรามทุจริตในภาครัฐ (ป.ป.ท.)', 'คิดตาม promotion', NULL),
('1207', 'สำหรับให้บริการ Call Center', 'สำนักงานคณะกรรมการกำกับหลักทรัพย์และตลาดหลักทรัพย์ (กลต.)', 'คิดตาม promotion', NULL),
('1208', 'Call Center', 'โรงพยาบาลพิษณุเวช', 'คิดตาม promotion', NULL),
('1210', 'เพื่อใช้เป็น Call Center', 'บริษัท เธียรสุรัตน์ จำกัด', 'คิดตาม promotion', NULL),
('1211', 'Call Center  ', 'บริษัท เอฟฟิเชียน อิงลิช เซอร์วิสเซส จำกัด', 'คิดตาม promotion', NULL),
('1212', 'ศูนย์บริการปฏิบัติการความปลอดภัยอินเตอร์เน็ต', 'กระทรวงเทคโนโลยีสารสนเทศและการสือสาร', 'คิดตาม promotion', NULL),
('1212', 'Call Center', 'พรรคไทยรักไทย', 'คิดตาม promotion', NULL),
('1213', 'Call Center', 'ธนาคารแห่งประเทศไทย', 'คิดตาม promotion', NULL),
('1214', 'Call Center', 'บริษัท ไลฟ์สตาร์ จำกัด', 'คิดตาม promotion', NULL),
('1215', 'Call Center', 'บริษัท เทพสมบัติ จำกัด', 'คิดตาม promotion', NULL),
('1217', 'Call Center', 'บริษัท เคอรี่ เอ็กซ์เพรส (ประเทศไทย) จำกัด', 'คิดตาม promotion', NULL),
('1218', 'Call Center', 'โรงพยาบาลเกษมราษฎร์ รัตนาธิเบศร์', 'คิดตาม promotion', NULL),
('1219', 'Call Center', 'บริษัท ไทยศรีประกันภัย จำกัด', 'คิดตาม promotion', NULL),
('1220', 'Call Center', 'บริษัท ฟอร์ท สามร์ท เซอร์วิส จำกัด', 'คิดตาม promotion', NULL),
('1221', 'Call Center', 'บริษัท สิงห์ เอสเตท จำกัด(มหาชน)', 'คิดตาม promotion', NULL),
('1222', 'เพื่อให้บริการ Internet ผ่าน เครือข่าย IP (Hatari)', 'บมจ.ทีโอที', '3 บาท/ครั้ง', NULL),
('1223', 'โครงการ Content in TOT', 'บมจ.ทีโอที', 'ฟรี', NULL),
('1224', 'Internet กระทรวงศึกษาธิการ', 'บมจ.ทีโอที', 'ฟรี', NULL),
('1227', 'Call Center', 'บริษัท สกูซี่ อิตาเลี่ยน เรสเตอรอง จำกัด', 'คิดตาม promotion', NULL),
('1228', 'เพื่อใช้กับโครงการ  POLIS', 'ระบบสารสนเทศสำนักงานตำรวจแห่งชาติ', 'ฟรี', NULL),
('1230', 'Call Center', 'บริษัท โมมาย ชัวร์ จำกัด', 'คิดตาม promotion', NULL),
('1230', 'เพื่อเชื่อมโยงกับศูนย์ประมวลผลภาคของสำนักบริหารทะเบียนเพื่อทำการสืบค้นข้อมูลทะเบียนผู้มีสิทธิ', 'บมจ.ทีโอที', '3 บาท/ครั้ง', NULL),
('1231', 'Call Center', 'บ.ประกันภัยไทยวิวัฒน์ จก.', 'คิดตาม promotion', NULL),
('1232', 'Call Center', 'บริษัท เรียลแอสเตท ดีเวลลอปเม้นท์ จำกัด', 'คิดตาม promotion', NULL),
('1233', 'Call Center', 'บริษัท ทางยกระดับดอนเมือง จำกัด', 'คิดตาม promotion', NULL),
('1233', 'บริการ Prepaid Voice Over Internet Protocal', 'บมจ.ทีโอที', 'ฟรี', NULL),
('1234', 'บริการโทรศัพท์ทางไกลราคาประหยัด         (IP Telephoy)', 'บมจ.ทีโอที', 'คิดตาม promotion', NULL),
('1234', 'บริการโทรศัพท์ทางไกลราคาประหยัด TT&T และ TA', 'บมจ.ทีโอที', 'คิดตาม promotion', NULL),
('1235', 'Call Center', 'บริษัท ทรู จีเอส จำกัด', 'คิดตาม promotion', NULL),
('1235', 'การทดสอบ Signalling No7 ระห่วาง NSC กับ VoIP', 'บมจ.ทีโอที', 'ฟรี', NULL),
('1236', 'Call Center', 'บริษัท ทรู คอร์ปอเรชั่น จำกัด', 'คิดตาม promotion', NULL),
('1237', 'เพื่ออำนวยความสะดวกและความคล่องตัวของบริษัทฯ ในการติดต่อลูกค้า', 'บ.ทีพีไอ อิมปอร์ต-เอ็กซ์ปอร์ต แอนด์ ชิปปิ้ง จก.', 'คิดตาม promotion', NULL),
('1237', 'บริการ Prepaid Internet & Voice Card', 'บมจ.ทีโอที', 'ฟรี', NULL),
('1238', 'Call Center', 'บริษัท เค เอส ซี คอมเมอร์เชียล อินเตอร์เนต จำกัด', 'คิดตาม promotion', NULL),
('1238', 'บริการ Prepaid Voice โดยใช้บัตร TIP Card', 'บมจ.ทีโอที', 'ฟรี', NULL),
('1239', 'Call Center', 'บริษัท ทรู ยูนิเวอร์แซล คอนเวอร์เจ้นซ์ จำกัด', 'คิดตาม promotion', NULL),
('1239', 'บริการ Prepaid Voice โดยใช้บัตร TIP Card', 'บมจ.ทีโอที', '3 บาท/ครั้ง', NULL),
('1240', 'Call Center', 'บ.ทรู มันนี่ จำกัด', 'คิดตาม promotion', NULL),
('1242', 'Call Center', 'บ.ทรู มูฟ เอช ยูนิเวอร์แซล คอมมิวนิเคชั่น จก.', 'คิดตาม promotion', NULL),
('1243', 'เพื่อให้บริการข้อมูลข่าวสารแก่ลูกค้า', 'บริษัท ภูเก็ต คอนโดส์ แอนด์ โฮมส์ จำกัด', 'คิดตาม promotion', NULL),
('1244', 'Call Center', 'บริษัท ลีโอ ลิ้งค จำกัด', 'คิดตาม promotion', NULL),
('1245', 'Call Center', 'บริษัท บุญรอด เทรดดิ้ง จำกัด', 'คิดตาม promotion', NULL),
('1246', 'Call Center', 'บริษัท คิวบ์ เรียล พร็อพเพอร์ตี้ จำกัด', 'คิดตาม promotion', NULL),
('1247', 'Call Center', 'บริษัท พีเอสไอ บรอดคาสติ้ง จำกัด', 'คิดตาม promotion', NULL),
('1248', 'Call Center', 'บริษัท อชัวเรียน (ประเทศไทย) จำกัด', 'คิดตาม promotion', NULL),
('1248', 'เพื่อให้บริการ Remote Access (ISDN)', 'บมจ.ทีโอที', 'คิดตาม promotion', NULL),
('1249', 'เพื่ออำนวยความสะดวกต่อลูกค้าและง่ายต่อการจดจำในการติดต่อสอบถามข้อมูลในด้านการรักษาพยาบาล', 'บ.มหานครแม่สอดเวชการ จก.', 'คิดตาม promotion', NULL),
('1250', 'Call Center', 'บริษัท ทรู ยูนิเวอร์แซล คอนเวอร์เจ้นซ์ จำกัด', 'คิดตาม promotion', NULL),
('1250 ', 'ศูนย์บริการข้อมูลข่าวสาร ', 'สำนักงาน กปร.', '3 บาท/ครั้ง', NULL),
('1251', 'Call Center', 'บริษัท ซินเน็ต (ประเทศไทย) จำกัด (มหาชน)', 'คิดตาม promotion', NULL),
('1252', 'Call Center', 'บ.จีเอ็มเอ็ม ซีเอ โอ ช้อปปิ้ง จก.', 'คิดตาม promotion', NULL),
('1252', 'internet IP (Mitsiam) (ECR)', 'บมจ.ทีโอที', '3 บาท/ครั้ง', NULL),
('1254', 'Call Center', 'บริษัท โรงพยาบาลศรีสวรรค์ จำกัด', 'คิดตาม promotion', NULL),
('1254', 'IP Network Hatari', 'บมจ.ทีโอที', '3 บาท/ครั้ง', NULL),
('1255', 'ให้บริการประชาชนร่วมรายงานการจราจร', 'มูลนิธิสำนักงานทรัพย์สินส่วนพระมหากษัตริย์', '3 บาท/ครั้ง', NULL),
('1255', 'VoIP Toll Free Service Type I      (Charge both Calling and Called Parties)', 'บมจ.ทีโอที', '3 บาท/ครั้ง', NULL),
('1257', 'Call Center', 'กรมประชาสัมพันธ์', 'คิดตาม promotion', NULL),
('1258', 'Call Center', 'บริษัท เจ ฟินเทค จำกัด', 'คิดตาม promotion', NULL),
('1259', 'Call Center', 'บริษัท เอ็ม เอส ไอ จี ประกันภัย จำกัด', 'คิดตาม promotion', NULL),
('1260', 'Call Center', 'บริษัท ชีวาทัย จำกัด', 'คิดตาม promotion', NULL),
('1261', 'Call Center', 'บริษัท เส-นอร์สห โลจิสติกส์ จำกัด', 'คิดตาม promotion', NULL),
('1262', 'Call Center', 'บริษัท ไฟเบอร์วัน จำกัด', 'คิดตาม promotion', NULL),
('1263', 'Call Center', 'บริษัท โอราโนส จำกัด', 'คิดตาม promotion', NULL),
('1264', 'Call Center', 'บริษัท ไทย แซทเทิลไลท์ ทีวี จำกัด', 'คิดตาม promotion', NULL),
('1265', 'Call Center', 'บริษัท แมคโนเลีย ควอลิตี้ ดีเวลล็อปเม้นท์ จำกัด', 'คิดตาม promotion', NULL),
('1266', 'Call Center', 'บริษัท เมเจอร์ ดีเวลลอปเม้นท์ จำกัด', 'คิดตาม promotion', NULL),
('1266', 'VoIP Toll Free Service Type II      (Charge Only Called Party)', 'บมจ.ทีโอที', 'ฟรี', NULL),
('1267', 'Call Center', 'บริษัท เอ็มจี เซลล์(ประเทศไทย) จำกัด', 'คิดตาม promotion', NULL),
('1268', 'Call Center', 'บริษัท โตโยต้า บัสส์ จำกัด และ บริษัท บัสส์แคร์ อินชัวร์รันส์ โบรกเกอร์ จำกัด', 'คิดตาม promotion', NULL),
('1270', 'Call Center', 'บริษัท โรงพยาบาลพระรามเก้า จำกัด', 'คิดตาม promotion', NULL),
('1271', 'Call Center', 'บริษัท สยามไดกิ้นเซลล์ จำกัด', 'คิดตาม promotion', NULL),
('1272', 'Call Center', 'บริษัท พีมาร์ท ซุปเปอร์สโตร์ จำกัด', 'คิดตาม promotion', NULL),
('1274', 'เพื่อเพิ่มการบริการลูกค้าให้สามารถติดต่อสื่อสารกับบริษัทได้สะดวกรวดเร็ว', 'บริษัท ทีทีซี มอเตอร์ จำกัด ', 'คิดตาม promotion', NULL),
('1275', 'สถาบันหม่อนไหมไทย กระทรวงเกษตรและสหกรณ์', 'กระทรวงเกษตรและสหกรณ์', '3 บาท/ครั้ง', NULL),
('1277', 'Call Center', 'บริษัท ท็อปแวลู คอร์ปอเรท จำกัด', 'คิดตาม promotion', NULL),
('1277', 'บริการ Prepaid Internet & Voice Card', 'บมจ.ทีโอที', 'ฟรี', NULL),
('1278', 'Voice Mail ใช้ฟังข้อความ ( I-Box)', 'บมจ.ทีโอที', '3 บาท/ครั้ง', NULL),
('1279', 'Call Center', 'บริษัท ทรู ลิสซิ่ง จำกัด', '3 บาท/นาที', NULL),
('1279', 'Call Center', 'บริษัท ทรู ลิสซิ่ง จำกัด', '3 บาท/นาที', NULL),
('1280', 'เพื่อความสะดวกในการจดจำของลูกค้าในการติดต่อบริษัท ', 'บริษัท ฟีนิกซ์ ฟู้ด อิมปอร์ต เอ็กซ์ปอร์ต จำกัด', 'คิดตาม promotion', NULL),
('1281', 'Call Center', 'บริษัท ซีโอแอล จำกัด', 'คิดตาม promotion', NULL),
('1282', 'Call Center', 'บริษัท ไทยซัมซุง อิเลคโทรนิคส์ จำกัด', 'คิดตาม promotion', NULL),
('1283', 'Call Center', 'บริษัท ซับบ์ ไลฟ์ แอสชัวรันซ์ จำกัด', 'คิดตาม promotion', NULL),
('1284', 'Call Center', 'บริษัท โฮม โปรดักส์ เซ็นเตอร์ จำกัด', 'คิดตาม promotion', NULL),
('1285', 'Call Center', 'บริษัท เอ็ม บี เค จำกัด', 'คิดตาม promotion', NULL),
('1286', 'Call Center', 'บริษัท มิลเลนเนียน ออโต้ กรุ๊ป จำกัด', 'คิดตาม promotion', NULL),
('1287', 'Call Center', 'บริษัท เอเซียประกันภัย 1950 จำกัด (มหาชน)', 'คิดตาม promotion', NULL),
('1288', 'เพื่อให้บริการ Internet ISDN ผ่าน เครือข่าย IP ', 'บมจ.ทีโอที', '3 บาท/ครั้ง', NULL),
('1289', 'Call Center', 'ศูนย์ส่งเสริมศิลปาชีพระหว่างประเทศ (องค์การมหาชน)', 'คิดตาม promotion', NULL),
('1290', 'Call Center', 'บริษัท รักษาความปลอดภัย พีซีเอสและฟาซิลิตี้ เซอร์วิสเซส จำกัด', 'คิดตาม promotion', NULL),
('1217', 'Call Center', 'บริษัท เคอรี่ เอ็กซ์เพรส (ประเทศไทย) จำกัด', 'คิดตาม promotion', NULL),
('1291', 'Call Center', 'บริษัท เทเวศประกันภัย จำกัด', 'คิดตาม promotion', NULL),
('1292', 'Call Center', 'บริษัท ศรีอยุธยา เจนเนอรัล ประกันภัย จำกัด', 'คิดตาม promotion', NULL),
('1293', 'Call Center', 'บ.เกรทเซ็นทรัล (อินเตอร์เนชั่นแนล) จก.', 'คิดตาม promotion', NULL),
('1294', 'Call Center', 'บ.โตเจริญพร 9 จก.', 'คิดตาม promotion', NULL),
('1299', 'Call Center', 'สำนักงานเลขานุการ คณะรักษาความสงบแห่งชาติ', 'ฟรี', NULL),
('1299', 'บริการ Internet สาธารณะ', 'บมจ.ทีโอที', 'ฟรี', NULL),
('1300', 'ศูนย์บริการให้คำปรึกษาทางโทรศัพท์', 'กรมพัฒนาสังคมและสวัสดิการ', 'คิดตาม promotion', NULL),
('1300', 'ศูนย์บริการให้คำปรึกษาทางโทรศัพท์', 'กรมพัฒนาสังคมและสวัสดิการ', '3 บาท/ครั้ง', NULL),
('1300', 'ศูนย์บริการให้คำปรึกษาทางโทรศัพท์', 'กรมพัฒนาสังคมและสวัสดิการ', '3 บาท/ครั้ง', NULL),
('1300', 'ศูนย์บริการให้คำปรึกษาทางโทรศัพท์', 'กรมพัฒนาสังคมและสวัสดิการ', '3 บาท/ครั้ง', NULL),
('1300', 'ศูนย์บริการให้คำปรึกษาทางโทรศัพท์', 'กรมพัฒนาสังคมและสวัสดิการ', '3 บาท/ครั้ง', NULL),
('1300', 'ศูนย์บริการให้คำปรึกษาทางโทรศัพท์', 'กรมพัฒนาสังคมและสวัสดิการ', '3 บาท/ครั้ง', NULL),
('1301', 'เพื่อใช้เป็น Call Center', 'สำนักงานส่งเสริมวิสาหกิจขนาดกลางและขนาดย่อม (สสว.)', 'คิดตาม promotion', NULL),
('1302', 'เพื่อใช้เป็น Call Center', 'ธนาคารอิสลาม แห่งประเทศ', 'คิดตาม promotion', NULL),
('1303', 'เพื่อใช้เป็น Call Center', 'สภาวิศวกร', 'คิดตาม promotion', NULL),
('1303', 'เพื่อใช้เป็น Call Center', 'บรรษัทประกันสินเชื่ออุตสาหกรรมขนาดย่อม (บสย.)', 'คิดตาม promotion', NULL),
('1310', 'ศูนย์บริการให้คำปรึกษาทางโทรศัพท์', 'กระทรวงทรัพยากรธรรมชาติและสิ่งแวดล้อม', 'คิดตาม promotion', NULL),
('1311', 'สำหรับให้บริการชำระค่าบริการโทรศัพท์โดยใช้บัตร TOT Card', 'บมจ.ทีโอที', 'ฟรี', NULL),
('1312', 'เพื่ออำนวยความสะดวกแก่นักธุรกิจ ', 'สำนักงานคณะกรรมการการส่งเสริมการลงทุน', 'คิดตาม promotion', NULL),
('1313', 'สำหรับให้บริการ Call Center ของ กระทรวง', 'กระทรวงวิทยาศาสตร์และเทคโนโลยี่', 'คิดตาม promotion', NULL),
('1314', 'ให้บริการโทรศัพท์สาธารณะเพื่อส่งข้อความ', 'บมจ.ทีโอที', 'ฟรี', NULL),
('1315', 'เพื่อใช้ในการประชาสัมพันธ์แจ้งข้อมูลข่าวสาร กรณีพบเห็นข้อมูลไม่เหมาะสมในอินเตอร์เน็ต', 'กระทรวงเทคโนโลยีสารสนเทศและการสือสาร', 'คิดตาม promotion', NULL),
('1318', 'เพื่อใช้เป็น Call Center', 'บ.สกาย เอเชีย จำกัด (บริษัท สายการบินนกแอร์ จำกัด)', 'คิดตาม promotion', NULL),
('1321', 'เพื่อใช้เป็น Call Center', 'สำนักงานนายตำรวจราชสำนักประจำ', 'ฟรี', NULL),
('1322', 'สอบถามข้อมูล โครงการคอมพิวเตอร์ ICT', 'การสื่อสารแห่งประเทศไทย', '3 บาท/ครั้ง', NULL),
('1323', 'เพื่อให้บริการ สายด่วนสุขภาพจิตและยาเสพติด', 'กรมสุขภาพจิต', 'ฟรี', NULL),
('1323', 'เพื่อให้บริการ สายด่วนสุขภาพจิตและยาเสพติด', 'กรมสุขภาพจิต', 'ฟรี', NULL),
('1330', 'ปรึกษาเกี่ยวกับการรักษาพยาบาลเบื้องต้น', 'กระทรวงสาธารณะสุข', 'คิดตาม promotion', NULL),
('1331', 'เพื่อให้บริการ Call Center ', 'บ.เรียวฟิวเตอร์ (RFT)', 'คิดตาม promotion', NULL),
('1332', 'เพื่อให้บริการรับเรื่องร้องเรียน แก่ผู้ประกอบการนำเข้าและออกสินค้า', 'กรมศุลกากร', 'คิดตาม promotion', NULL),
('1333', 'เพื่อบริการด้านข้อมูลข่าวสารกับลูกค้าของ ธนาคาร', 'ธนาคารกรุงเทพ', 'คิดตาม promotion', NULL),
('1337', 'เปิดใช้งานระบบโทรศัพท์อัตโนมัติ ', 'บมจ.ทีโอที', 'คิดตาม promotion', NULL),
('1339', 'เพื่อความสะดวกแก่ลูกค้าในการสอบถามข้อมูลเกี่ยวกับโครงข่าย ISDN', 'บมจ.ทีโอที', 'ฟรี', NULL),
('1340', 'เพื่อใช้แจ้งเบาะแส ข่าวสาร อาชาญากรรม', 'ศูนย์นิติวิทยาศาสตร์จังหวัดชายแดนภาคใต้ (ศนต.จชต)', 'คิดตาม promotion', NULL),
('1341', 'เพื่อรับแจ้งเหตุด่วน-เหตุร้าย ให้กับกองทัพภาคที่ 4', 'กองทัพภาคที่ 4', 'ฟรี', NULL),
('1342', 'เพื่อใช้ในการให้ข้อมูลข่าวสารกับหน่วยงานราชการ', 'ศูนย์ประสานงานข่าวกรองแห่งชาติ (กระทรวงมหาดไทย)', 'ฟรี', NULL),
('1344', 'เพื่อใช้ติดตั้ง Call Center ', 'บ.เอส แอนด์ พี ซินดิเคท จก.', 'คิดตาม promotion', NULL),
('1345', 'บริการ Virtual Fax and Telephone ของ Voice Messaging System', 'บมจ.ทีโอที', '3 บาท/ครั้ง', NULL),
('1346', 'ให้ประชาชนแจ้งข้อมูลข่าวสารเกี่ยวกับยาเสพติด', 'หน่วยข่าวกรองทางทหาร กองทัพบก (กระทรวงกลาโหม)', 'คิดตาม promotion', NULL),
('1348', 'ขสมก. รับเรื่องราวร้องเรียนและบริการ', 'องค์การขนส่งมวลชนกรุงเทพ', 'คิดตาม promotion', NULL),
('1350', 'เพื่ออำนวยความสะดวกในการติดต่อของลูกค้าขององค์การฯ', 'องค์การรับส่งสินค้าและพัสดุภัณฑ์', 'คิดตาม promotion', NULL),
('1352', 'เพื่ออำนวยความสะดวกแก่ประชาชนในเรื่องการเอาประกันภัย', 'บ.ไทยเศรษฐกิจประกันภัย จำกัด', 'คิดตาม promotion', NULL),
('1355', 'เพื่ออำนวยความสะดวกแก่ประชาชนในเรื่องเกี่ยวกับศาลปกครอง', 'สำนักงานศาลปกครอง', 'คิดตาม promotion', NULL),
('1356', 'เพื่อความสะดวกกับผู้เดินทางและปฏิบัติการเตรียมความพร้อมในช่วงวิกฤตการณ์ก่อการร้าย', 'ศูนย์ความปลอดภัยกระทรวงคมนาคม', 'ฟรี', NULL),
('1357', 'เพื่อให้คำปรึกษาแนะนำ กลุ่มอุตสาหกรรม SME', 'บรรษัทเงินทุนอุตสาหกรรมขนาดย่อม SME', 'คิดตาม promotion', NULL),
('1358', 'ประชาสัมพันธ์โครงการ ชุบชีวิตธุรกิจไทย', 'กรมส่งเสริมอุตสาหกรรม', 'คิดตาม promotion', NULL),
('1359', 'อำนวยความสะดวกกับประชาชนเพื่อแจ้งเบาะแสเกี่ยวกับธุรกิจการเงินนอกระบบ', 'สำนักงานเศรษฐกิจการคลัง (กระทรวงการคลัง)', 'คิดตาม promotion', NULL),
('1360', 'เพื่อให้ประชาชนได้แจ้งข่าวสาร', 'กองอำนวยการรักษาความมั่นคงภายในราชอาณาจักร', 'ฟรี', NULL),
('1361', 'จัดตั้งศูนย์แก้ปัญหาให้แก่นิสิตนักศึกษา ในเรื่อง ยาเสพติค การพนันบอล การขายบริการทางเพศ และการรับน้องใหม่ทีไม่เหมาะสม', 'ทบวงมหาวิทยาลัย', 'คิดตาม promotion', NULL),
('1362', 'รับแจ้งเหตุไฟป่า', 'กรมอุทยานแห่งชาติ สัตว์ป่าและพันธุ์พืช (กรมป่าไม้)', 'คิดตาม promotion', NULL),
('1363', 'เพื่อใช้ป้องกันการก่อเหตุการณ์ร้ายต่างๆ', 'กรมสื่อสารทหารอากาศ', 'คิดตาม promotion', NULL),
('1364', 'บริการด้าน Call Center ในประเภทธุรกิจต่างๆของบริษัทฯ', 'บ.ดีเคเอสเอช(ประเทศไทย)', 'คิดตาม promotion', NULL),
('1365', 'รับแจ้งเหตุฉุกเฉินของท่อส่งก๊าซ', 'บ.ปตท จำกัด', 'คิดตาม promotion', NULL),
('1367', 'รับแจ้งเหตุกรณีที่ได้รับพิษ', 'ศูนย์พิษวิทยา คณะแพทย์ศาสตร์ รพ.รามาธิบดี', 'คิดตาม promotion', NULL),
('1368', 'ศูนย์รับเรื่องราวร้องทุกข์ทรัพย์สินทางปัญญา', 'กรมทรัพย์สินทางปัญญา', 'คิดตาม promotion', NULL),
('1369', 'เพื่อให้ลูกค้าผ่านระบบ Call Center', 'บ.อินเตอร์เนชั่นเนิลเอนจีเนียริ่ง จำกัด', 'คิดตาม promotion', NULL),
('1373', 'ให้บริการลูกค้าผู้ถือกรมธรรม์กับทางบริษัทฯ', 'บริษัทอยุธยา อลิอันช์ ซีพี ประกันภัย จำกัด', 'คิดตาม promotion', NULL),
('1374', 'รับเรื่องร้องทุกข์เกี่ยวกับความปลอดภัย ความมั่นคงในชีวิตและทรัพย์สิน', 'สำนักเลขาธิการกองอำนวยการรักษาความมั่นคงภายในราชอาณาจักร', 'ฟรี', NULL),
('1374', 'รับเรื่องร้องทุกข์เกี่ยวกับความปลอดภัย ความมั่นคงในชีวิตและทรัพย์สิน', 'สำนักเลขาธิการกองอำนวยการรักษาความมั่นคงภายในราชอาณาจักร', 'ฟรี', NULL),
('1375', 'เพื่ออำนวยความสะดวกให้กับลูกค้าเกี่ยวกับที่อยู่อาศัย', 'บ.พร็อพเพอร์ตี้ เพอร์เฟค จำกัด', 'คิดตาม promotion', NULL),
('1376', 'เพื่อให้การดำเนินการปรับเปลี่ยนโครงสร้างการแบ่งส่วนราชการใหม่มีประสิทธิภาพ', 'สำนักงานปลัดสำนักนายกรัฐมนตรี', 'คิดตาม promotion', NULL),
('1377', 'เพื่อรับคำร้องทางโทรศัพท์เกี่ยวกับการละเมิดสิทธิมนุษยชน', 'สำนักงานคณะกรรมการสิทธิมนุษยชนแห่งชาติ', 'คิดตาม promotion', NULL),
('1379', 'บริการให้คำปรึกษาข้อมูลสถานการปฎิบัติตาม พ.ร.บ', 'กรมพัฒนาพลังงานทดแทนและอนุรักษ์พลังงาน', 'คิดตาม promotion', NULL),
('1380', 'ติดต่อสอบถามเกี่ยวกับโครงการ หนึ่งตำบล หนึ่งผลิตภัณฑ์', 'สำนักปลัดสำนักงานนายกรัฐมนตรี', 'คิดตาม promotion', NULL),
('1381', 'แจ้งเบาะแสการลักลอบเจาะและใช้น้ำบาดาล', 'กรมทรัพยากรน้ำบาดาล', 'คิดตาม promotion', NULL),
('1382', 'เพื่อใช้ในราชการของสถานีฯ ในการรับเรื่องร้องทุกข์และบริการข่าวสารด้านการเกษตร', 'สถานีวิทยุกระจายเสียง ม. เกษตรศาสตร์', 'คิดตาม promotion', NULL),
('1383', 'เพื่อนำมาใช้ในธุรกิจแก็สเหลว', 'บ.ไทยอินดัสเตรียล แก็ส จำกัด', 'คิดตาม promotion', NULL),
('1384', 'เพื่อนำมาใช้ในธุรกิจแก็สอุตสาหกรรม', 'บ.ลินเด้ (ประเทศไทย) จก.', 'คิดตาม promotion', NULL),
('1385', 'ติดต่อสอบถามปัญหาเร่งด่วน และความรู้เกี่ยวกับการติดต่องานราชการของกรมการค้าต่างประเทศ', 'กรมการค้าต่างประเทศ', 'คิดตาม promotion', NULL),
('1386', 'ให้ประชาชนร้องเรียนและสอบถามข้อมูลต่างๆ', 'สำนักงานป้องกันและปราบปรามยาเสพติด', 'ฟรี', NULL),
('1387', 'รับแจ้งปัญหาต่างๆ สำหรับเด็กและเยาวชนที่มีปัญหาที่ได้รับการกระทำทั้งร่างกายและจิตใจ', 'มูลนิธิสายเด็ก (เพื่อนแก้วสมาคม)', 'ฟรี', NULL),
('1388', 'ติดต่อสื่อสารเกี่ยวกับโครงการบ้านและอาคารที่อยู่ของ บริษัทฯ', 'บ.ควอลิตี้ เฮ้าส์ จำกัด', 'คิดตาม promotion', NULL),
('1393', 'บริการด้านสินเชื่อด้านที่อยู่อาศัยแก่ประชาชน', 'ธนาคารอาคารสงเคราะห์', 'ฟรี', NULL),
('1399', 'ลูกเสือโลก', '-', '3 บาท/ครั้ง', NULL),
('1399', 'เพื่อผู้สนใจด้ารการเรียนผ่านระบบ Internet', 'มูลนิธิการศึกษาทางไกลผ่านดาวเทียม', 'ฟรี', NULL),
('1401', 'Universal Access Number', 'บมจ.ทีโอที', '3 บาท/ครั้ง', NULL),
('1402', 'บริการ One Number for EDC', 'บมจ.ทีโอที', 'ฟรี', NULL),
('1403', 'สอบถามข้อมูลเชิงพาณิชย์', 'บมจ.ทีโอที', 'คิดตาม promotion', NULL),
('1404', 'UAN Charge Calling party บริการบนระบบ IN ใหม่ ( ทดลอง )', 'บมจ.ทีโอที', 'คิดตาม promotion', NULL),
('1404', 'Universal Access Number', 'บมจ.ทีโอที', 'ฟรี', NULL),
('1405', 'UAN Spilit Charge บริการบนระบบ IN ใหม่ ( ทดลอง )', 'บมจ.ทีโอที', 'คิดตาม promotion', NULL),
('1410', 'เพื่อใช้รับแจ้งข้อมูลเบาะแสเกี่ยวกับอาชญากรรม 3 จ.ชายแดนภาคใต้', 'ศูนย์ปฏิบัติการตำรวจจังหวัดชายแดนภาคใต้', 'คิดตาม promotion', NULL),
('1411', 'ให้บริการผู้ที่บกพร่องทางการได้ยินและผู้ที่บกพร่องทางการพูด', 'โรงพยาบาลพระมงกุฎเกล้า', 'ฟรี', NULL),
('1412', 'สอบถามข้อมูล โครงการคอมพิวเตอร์ ICT', 'การสื่อสารแห่งประเทศไทย', 'คิดตาม promotion', NULL),
('1412', 'เพื่อให้บริการปรึกษาสุขภาพจิตในโครงการศูนย์บรรเทาใจ', 'สมาคมคาทอลิกแห่งประเทศไทย', 'คิดตาม promotion', NULL),
('1413', 'ปรึกษาปัญหาการเลิกเหล้า และรณรงค์การงดดื่มสุรา', 'มูลนิธิวิถีสุข', 'คิดตาม promotion', NULL),
('1414', 'เพื่อให้บริการแก่คนตาบอดและผู้พิการทางสื่อสิ่งพิมพ์', 'สมาคมคนตาบอดแห่งประเทศไทย (เปลี่ยนชื่อเป็น มูลนิธิคนตาบอดไทย)', '3 บาท/ครั้ง', NULL),
('1414', 'ศูนย์ช่วยเหลือนักท่องเที่ยว', 'กระทรวงการท่องเที่ยวและกีฬา', 'คิดตาม promotion', NULL),
('1415', 'เพื่อให้บริการผู้ป่วยในการรักษาพยาบาลกรณีเร่งด่วน ขอคำปรึกษาจากแพทย์ผู้รักษาและให้คำปรึกษากาบุคลากรทางการแพทย์', 'สถาบันสุขภาพเด็กแห่งชาติมหาราชินี', 'คิดตาม promotion', NULL),
('1416', 'Call center', 'การไฟฟ้าฝ่ายผลิตแห่งประเทศไทย', '3 บาท/ครั้ง', NULL),
('1417', 'Call center', 'มูลนิธิ ห่วงใยเยาวชน', 'คิดตาม promotion', NULL),
('1418', 'Call Center', 'มูลนิธิปอเต็กตึ้ง', 'คิดตาม promotion', NULL),
('1422', 'สอบถามข้อมูลไข้หวัดใหญ่ 2009', 'กระทรวงสาธารณสุข', 'ฟรี', NULL),
('1441', 'เพื่อให้อำนวยการด้านการรักษาความปลอดภัยและการรับแจ้งเหตุเป็นไปด้วยความเรียบร้อย', 'กองอำนวยการร่วมรักษาความสงบเรียบร้อย บริเวณโดยรอบพระมหาราชวัง (สำหรับทหาร)', 'ฟรี', NULL),
('1442', 'เพื่อให้อำนวยการด้านการรักษาความปลอดภัยและการรับแจ้งเหตุเป็นไปด้วยความเรียบร้อย', 'กองอำนวยการร่วมรักษาความสงบเรียบร้อย บริเวณโดยรอบพระมหาราชวัง (สำหรับตำรวจ)', 'ฟรี', NULL),
('1460', 'เพื่อใช้สำหรับแจ้งเหตุ สอบถามข้อมูล เรื่องน้ำ', 'กรมชลประทาน', 'คิดตาม promotion', NULL),
('1466', 'เพื่อนำไปใช้เป็น Call Center', 'สนง.สลากกินแบ่งฯ', 'คิดตาม promotion', NULL),
('1470', 'ลูกค้าสัมพันธ์ โทรศัพท์เคลื่อนที่ 470 MHz', 'บมจ.ทีโอที', 'ฟรี', NULL),
('1474', 'Call center', 'โรงพยาบาลศิริราช', '3 บาท/ครั้ง', NULL),
('1477', 'เพื่อรับแจ้งเหตุขัดข้องคู่สาย/วงจรเช่าทั่วประเทศ', 'บมจ.ทีโอที', 'ฟรี', NULL),
('1479', 'Call Center', 'มูลนิธิพระมหาไถ่เพื่อการพัฒนาคนพิการ ', 'คิดตาม promotion', NULL),
('1484', 'เพื่อใช้ในการบริการลูกค้า', 'บ.เมืองไทยประกันภัย จำกัด', 'คิดตาม promotion', NULL),
('1488', 'เพื่อรับแจ้งเหตุ ของ ปค.', 'บมจ.ทีโอที', 'คิดตาม promotion', NULL),
('1490', 'TOT Smart call', 'บมจ.ทีโอที', '3 บาท/ครั้ง', NULL),
('1491', 'TOT Smart call', 'บมจ.ทีโอที', 'ฟรี', NULL),
('1498', 'รายงานผลการลงคะแนนประชามติร่างรัฐธรรมนูญ', 'บจม.เทเลคอมเอเซีย คอร์ปอเรชั่น', 'ฟรี', NULL),
('1499', 'รายงานผลการลงคะแนนประชามติร่างรัฐธรรมนูญ', 'บมจ.ทีโอที', 'ฟรี', NULL),
('1499', 'เพื่อนำไปใช้เป็น Call Center', 'บมจ.ทีโอที', 'ฟรี', NULL),
('1500', 'Paging (Easy Call) โดยผ่าน Opertor', 'บริษัท แมทริกซ์(ประเทศไทย) จำกัด', 'คิดตาม promotion', NULL),
('1501', 'Paging (Easy Call) โดยบริการ Voice Link ', 'บริษัท แมทริกซ์(ประเทศไทย) จำกัด', 'คิดตาม promotion', NULL),
('1502', 'Paging (Easy Call) โดยบริการ Voice Link ', 'บริษัท แมทริกซ์(ประเทศไทย) จำกัด', 'คิดตาม promotion', NULL),
('1504', 'แจ้งเหตุฉุกเฉินและบรรเทาอุบัติเหตุในนิคมอุตสาหกรรมมาบตาพุด', 'สำนักงานนิคมอุตสาหกรรม', '3 บาท/ครั้ง', NULL),
('1504', 'แจ้งเหตุฉุกเฉินและบรรเทาอุบัติเหตุในนิคมอุตสาหกรรมบางปู', 'สำนักงานนิคมอุตสาหกรรม', '3 บาท/ครั้ง', NULL),
('1505', 'International Calling Card', 'บมจ.ทีโอที', 'ฟรี', NULL),
('1506', 'ศูนย์กลางตอบคำถามและศูนย์รับเรื่องร้องทุกข์', 'สำนักงานประกันสังคม', 'คิดตาม promotion', NULL),
('1507 ', 'ศูนย์บริการให้คำปรึกษาทางโทรศัพท์', 'กรมพัฒนาสังคมและสวัสดิการ', 'คิดตาม promotion', NULL),
('1508', 'รับแจ้งเรื่องราวร้องทุกข์เกี่ยวกับการบริการรถโดยสาร', 'บริษัท ขนส่ง  จำกัด', 'คิดตาม promotion', NULL),
('1509', 'เครือข่ายคอมพิวเตอร์ กาญจนาภิเษก', 'ศูนย์เทคโนโลยีอิเล็กทรอนิกส์และคอมพิวเตอร์', '3 บาท/ครั้ง', NULL),
('1510', 'เพื่อใช้ในการดำเนินการกรณีเร่งด่วน เพื่อใช้ในภารกิจพิเศษโครงการหน่วยพระราชทานและประชาชนจิตอาสา เราทำความดีด้วยหัวใจ \"จิตอาสาเฉพาะกิจ\" ', 'กองกิจการในพระองค์ 904 สำนักงานราชเลขานุการในพระองค์', 'ฟรี', NULL),
('1511', 'เพื่อใช้ในการดำเนินการกรณีเร่งด่วน เพื่อใช้ในภารกิจพิเศษโครงการหน่วยพระราชทานและประชาชนจิตอาสา เราทำความดีด้วยหัวใจ \"จิตอาสาเฉพาะกิจ\" ', 'กองกิจการในพระองค์ 904 สำนักงานราชเลขานุการในพระองค์', 'ฟรี', NULL),
('1515xx', 'เพื่อใช้ในการจัดทำแบบสำรวจการรับฟังรายการวิทยุกระเสียงแห่งประเทศไทย ระบบ AM ผ่านระบบ Call Center  ', 'กรมประชาสัมพันธ์', 'ฟรี', NULL),
('1515', 'เพื่อเป็นการสนับสนุนให้ประชาชนได้ใช้เป็นช่องทางในการแจ้งเบาะแส หรือข้อมูลที่เป็นประโยชน์เกี่ยวกับเหตุการณ์ที่แยกราชประสงค์และท่าเรือสาทร', 'สำนักเลขาธิการ คณะรักษาความสงบแห่งชาติ (คสช.)', 'ฟรี', NULL),
('1530', 'เพื่อใช้เป็นศูนย์รับแจ้งทางโทรศัพท์', 'ทริปเปิลที บรอดแบนด์', '3 บาท/ครั้ง', NULL),
('1540', 'เพื่อรับแจ้งอุบัติภัยเกี่ยวกับก๊าซ', 'บริษัท ปตท.จำหน่ายก๊าซธรรมชาติ', 'ฟรี', NULL),
('1541', 'เพื่อให้บริการการดำเนินงาน รับข่าวสาร สื่อสาร แก่ผู้แจ้งเหตุด่วน เหตุร้าย', 'มูลนิธิป้องกันต่อต้านอาชญากรรมและยาเสพติดในประเทศไทย', 'คิดตาม promotion', NULL),
('1543', 'เพื่ออำนวยความสะดวกแก่ผู้ใช้บริการทางด่วน', 'การทางพิเศษฯ', '3 บาท/ครั้ง', NULL),
('1544', 'THAICARD', 'การสื่อสารแห่งประเทศไทย', 'ฟรี', NULL),
('1545', 'เพื่ออำนวยความสะดวกในการสอบถามข้อมูลการให้บริการ Track & Trace', 'บริษัท ไปรษณีย์ไทย จำกัด', 'คิดตาม promotion', NULL),
('1546', 'บริการข่าวสารเกี่ยวกับการบังคับใช้ พรบ.คุ้มครองแรงงาน', 'กรมสวัสดิการและคุ้มครองแรงงาน', 'คิดตาม promotion', NULL),
('1547', 'อำนวยความสะดวกให้กับผู้ใช้บัตร อเมริกัน เอ็กซ์เพรส', 'บ.อเมริกัน เอ็กซ์เพรส (ไทย) จก.', 'คิดตาม promotion', NULL),
('1548', 'สอบถามและตอบข้อหารือปัญหาเกี่ยวกับงานทะเบียนราษฎร์', 'สำนักงานกลาง ทะเบียนราษฎร์ กรมการปกครอง เปลี่ยนเป็น สำนักบริหารการทะเบียน ', 'คิดตาม promotion', NULL),
('1549', 'บริการบัตรโทรศัพท์ระหว่างประเทศ', 'บ. Telemed Corportion', 'ฟรี', NULL),
('1550', 'เพื่อให้บริการเงินกู้', 'ธนาคารกรุงไทย', 'คิดตาม promotion', NULL),
('1551', 'บริการข่าวสารและข้อมูลของ ธ.กรุงไทย', 'ธนาคารกรุงไทย', 'คิดตาม promotion', NULL),
('1552', 'เพื่อให้บริการสำรองห้องพัก', 'สมาคมโรงแรมไทย', 'คิดตาม promotion', NULL),
('1553', 'บริการข้อมูลข่าวสารแก่ผู้ใช้บริการ', 'ธนาคารสแตนดาร์ด ชาร์เตอร์ นครธน จำกัด (มหาชน) ', 'คิดตาม promotion', NULL),
('1554', 'บริการให้คำปรึกษาแนะนำผู้ป่วย', 'กรุงเทพมหานคร (สำนักการแพทย์)', 'คิดตาม promotion', NULL),
('1555', 'ศูนย์รับเรื่องร้องทุกข์ Call Center 1555', 'สำนักปลัดกรุงเทพมหานคร', 'ฟรี', NULL),
('1555', 'ศูนย์รับเรื่องร้องทุกข์ Call Center 1555', 'สำนักงานเทศบาลนครพิษณุโลก, พัทยา, ภูเก็ต', 'ฟรี', NULL),
('1556', 'สำนักคณะกรรมการอาหารและยา', 'คณะกรรมการอาหารและยา', '3 บาท/ครั้ง', NULL),
('1557', 'เพื่อบริการลูกค้าของบริษัทฯและประชาชนทั่วไป', 'บ.วิริยะประกันภัย จำกัด', 'คิดตาม promotion', NULL),
('1557', 'เพื่อบริการลูกค้าของบริษัทฯและประชาชนทั่วไป', 'บ.วิริยะประกันภัย จำกัด', 'คิดตาม promotion', NULL),
('1557', 'เพื่อบริการลูกค้าของบริษัทฯและประชาชนทั่วไป', 'บ.วิริยะประกันภัย จำกัด', 'คิดตาม promotion', NULL),
('1557', 'เพื่อบริการลูกค้าของบริษัทฯและประชาชนทั่วไป', 'บ.วิริยะประกันภัย จำกัด', 'คิดตาม promotion', NULL),
('1557', 'เพื่อบริการลูกค้าของบริษัทฯและประชาชนทั่วไป', 'บ.วิริยะประกันภัย จำกัด', 'คิดตาม promotion', NULL),
('1557', 'เพื่อบริการลูกค้าของบริษัทฯและประชาชนทั่วไป', 'บ.วิริยะประกันภัย จำกัด', 'คิดตาม promotion', NULL),
('1557', 'เพื่อบริการลูกค้าของบริษัทฯและประชาชนทั่วไป', 'บ.วิริยะประกันภัย จำกัด', 'คิดตาม promotion', NULL),
('1558', 'ให้บริการข้อมูลสำหรับลูกค้า ประชาชน และหน่วยงานราชการต่างๆ', 'ธนาคารทหารไทย จำกัด(มหาชน)', 'คิดตาม promotion', NULL),
('1559', 'เพื่อรับการร้องเรียนและแจ้งเหตุต่างๆ', 'สำนักงานเทศมนตรีหาดใหญ่,กาฬสินธุ์, มหาสารคาม', '3 บาท/ครั้ง', NULL),
('1561', 'บริการข่าวสารและข้อมูลของ ธ.ไทยพาณิชย์', 'ธนาคารไทยพาณิชย์ จำกัด(มหาชน)', 'คิดตาม promotion', NULL),
('1562', 'รับคำร้องเกี่ยวกับการละเมิดสิทธิมนุษยชน', 'สำนักงานเลขาธิการวุฒิสภา', 'คิดตาม promotion', NULL),
('1563', 'ให้บริการข้อมูล คำปรึกษา และรับเรื่องร้องทุกข์เกี่ยวกับการพัฒนาอุตสาหกรรม', 'สำนักงานปลัดกระทรวงอุตสาหกรรม', 'คิดตาม promotion', NULL),
('1564', 'บริการข้อมูลเกี่ยวกับการป้องกันและระงับอุบัติภัยจากสารเคมี', 'กรมโรงงานอุตสาหกรรม', 'คิดตาม promotion', NULL),
('1565', 'บริการให้คำปรึกษาปัญหาต่างๆ', 'ศาลากลาง จ.ภูเก็ต,จ.ยะลา', '3 บาท/ครั้ง', NULL),
('1566', 'บริการข่าวสารและข้อมูลของ บริษัทการบินไทย', 'การบินไทย', 'คิดตาม promotion', NULL),
('1567', 'ให้บริการข้อมูลของกระทรวงมหาดไทย (ศูนย์ดำรงธรรม)', 'ศูนย์ดำรงธรรม กระทรวงมหาดไทย', 'ฟรี', NULL),
('1567', 'ให้บริการข้อมูลของกระทรวงมหาดไทย (ศูนย์ดำรงธรรม)', 'ศูนย์ดำรงธรรม กระทรวงมหาดไทย', 'ฟรี', NULL),
('1567', 'ให้บริการข้อมูลของกระทรวงมหาดไทย (ศูนย์ดำรงธรรม)', 'ศูนย์ดำรงธรรม กระทรวงมหาดไทย', 'ฟรี', NULL),
('1568 ', 'เพื่อบริการด้านข้อมูลข่าวสารกับลูกค้าของ ธนาคาร', 'ธนาคารดี บี เอส ไทยทนุ จำกัด', 'คิดตาม promotion', NULL),
('1569', 'กรมการค้าภายใน ', 'กรมการค้าภายใน  กระทรวงพาณิชย์', '3 บาท/ครั้ง', NULL),
('1570', 'รับเรื่องร้องทุกข์ทางโทรศัพท์เกี่ยวกับงานของกรมทะเบียนการค้า', 'กรมพัฒนาธุรกิจการค้า', 'คิดตาม promotion', NULL),
('1571', 'บริการข่าวสารและข้อมูลของ ธ.กสิกรไทย', 'ธนาคารกสิกรไทย จำกัด(มหาชน)', 'คิดตาม promotion', NULL),
('1572', 'เพื่ออำนวยความสะดวกแก่ลูกค้าของธนาคาร', 'ธนาคารกรุงศรีอยุธยา', 'คิดตาม promotion', NULL),
('1573', 'ศูนย์ส่งเสริมผู้ส่งออกรายย่อย ( SME) เพื่อบริการข้อมูลข่าวสาร', 'การท่าเรือแห่งประเทศไทย', 'คิดตาม promotion', NULL),
('1573', 'เพื่อรับคำร้องทางโทรศัพท์เกี่ยวกับการละเมิดสิทธิมนุษยชน', 'สำนักงานคณะกรรมการสิทธิมนุษยชนแห่งชาติ', 'คิดตาม promotion', NULL),
('1575', 'ให้ข้อมูลที่อยู่อาศัย', 'บ.เนชั่นมัลติมีเดีย', 'คิดตาม promotion', NULL),
('1577', 'ให้บริการ Call Center', 'บ.พร็อพเพอร์ตี้ เทคโนโลยี จำกัด', 'คิดตาม promotion', NULL),
('1578', 'รับแจ้งขอความช่วยเหลือเพื่อดูแลเด็ก', 'กระทรวงพัฒนาสังคมและความมั่นคงของมนุษย์ (กองคุ้มครองสวัสดิภาพเด็ก)', 'ฟรี', NULL),
('1579', 'รับร้องเรียนทางโทรศัพท์เพื่อช่วยเหลือเด็กทางการศึกษา', 'กระทรวงศึกษาธิการ (ศูนย์ช่วยเหลือเด็กทางการศึกษา)', 'คิดตาม promotion', NULL),
('1580', 'ให้บริการ Call Center', 'ธนาคารยูโอบี รัตนสิน จำกัด(มหาชน)', 'คิดตาม promotion', NULL),
('1581', 'บริการ Call Center', 'บริษัทอเมริกันอินเตอร์เนชชันแนล แอลชัวรันส์ จำกัด(AIA)', 'คิดตาม promotion', NULL),
('1584', 'รับเรื่องร้องเรียนเกียวกับการให้บริการรถสาธารณะ', 'กรมขนส่งทางบก', '3 บาท/ครั้ง', NULL),
('1584', 'รับเรื่องร้องเรียนเกียวกับการให้บริการรถสาธารณะ', 'กรมขนส่งทางบก', '3 บาท/ครั้ง', NULL),
('1584', 'รับเรื่องร้องเรียนเกียวกับการให้บริการรถสาธารณะ', 'กรมขนส่งทางบก', '3 บาท/ครั้ง', NULL),
('1584', 'รับเรื่องร้องเรียนเกียวกับการให้บริการรถสาธารณะ', 'กรมขนส่งทางบก', '3 บาท/ครั้ง', NULL),
('1584', 'รับเรื่องร้องเรียนเกียวกับการให้บริการรถสาธารณะ', 'กรมขนส่งทางบก', '3 บาท/ครั้ง', NULL),
('1586', 'เพื่ออำนวยความสะดวกแก่ประชาชนในการสอบถามเส้นทางการเดินรถยนต์', 'กรมทางหลวง', 'ฟรี', NULL),
('1587', 'ให้บริการข้อมูลและผลงานวิจัยผ่านระบบเครือข่ายอัตโนมัติ', 'วิทยาลัยป้องกันราชอาณาจักร', 'คิดตาม promotion', NULL),
('1588', 'อำนวยความสะดวกแก่ลูกค้าธนาคาร', 'ธนาคารซิตี้ แบงก์ สาขากรุงเทพฯ', 'คิดตาม promotion', NULL),
('1589', 'เพื่อเป็นศูนย์บริการของ บริษัทฯ', 'บริษัท ธนชาติ แมเนจเม้นท์ แอนด์ เซอร์วิส จำกัด', 'คิดตาม promotion', NULL),
('1590', 'เพื่อบริการทางโทรศัพท์สำหรับลูกค้าที่มีบัญชีเงินฝากกับธนาคาร', 'ธนาคารฮ่องกงเซี่ยงไฮ', 'คิดตาม promotion', NULL),
('1591', 'เพื่อเป็นศูนย์บริการของ บริษัทฯ', 'บ.ธนชาติแมนเนจเมนท์ แอนด์ เซอร์วิส จำกัด', 'คิดตาม promotion', NULL),
('1592', 'เพื่ออำนวยความสะดวกให้แก่ประชาชนในการติดต่อสื่อสาร เกี่ยวกับการดำเนินงานกองทุนฯ', 'คณะกรรมการกองทุนหมู่บ้าน', 'คิดตาม promotion', NULL),
('1593', 'เพื่อเป็นศูนย์บริการการเกษตร', 'ธนาคารเพื่อการเกษตรและสหกรณ์การเกษตร', 'คิดตาม promotion', NULL),
('1594', 'ใช้ในการประชุม APEC ', 'สำนักงานข่าวกรองแห่งชาติ', 'คิดตาม promotion', NULL);
INSERT INTO `data_tot` (`number`, `name`, `location`, `promotion`, `deleated_at`) VALUES
('1595', 'ให้บริการลูกค้าทางโทรศัพท์', 'ธนาคารสแตนดาร์ด ชาร์เตอร์ นครธน จำกัด (มหาชน) ', 'คิดตาม promotion', NULL),
('1596', 'เพื่อให้ลูกค้าของบริษัทฯได้รับความสะดวกในการติดต่อเมื่อประสบภัยต่างๆ', 'บริษัท สินมั่นคงประกันภัย จำกัด', 'คิดตาม promotion', NULL),
('1597', 'เพื่ออำนวยความสะดวกแก่นักเรียนนักศึกษา ในการติดต่อกับสำนักงานกองทุน', 'สำนักงานกองทุนให้กู้ยืมเพื่อการศึกษา', 'คิดตาม promotion', NULL),
('1598', 'เพื่อใช้ในงานราชการ', 'สำนักงานคณะกรรมการข้าราชการพลเรือน', 'คิดตาม promotion', NULL),
('1599', 'แจ้งข่าวสารและข้อมูล', 'ศูนย์ปฏิบัติการกรมตำรวจ และศูนย์ปราบปรามการโจรกรรมรถยนต์ จักรยานยนต์ (สำนักงานตำรวจแห่งชาติ)', 'คิดตาม promotion', NULL),
('1600', 'ให้คำปรึกษาทางโทรศัพท์แก่ผู้ต้องการเลิกสูบบุหรี่', 'ศูนย์บริการเลิกบุหรี่ทางโทรศัพท์แห่งชาติ (มูลนิธิหมอชาวบ้าน)', 'ฟรี', NULL),
('1601', 'ให้บริการ Internet ของศูนย์ฯ', 'ศูนย์บริการอินเทอร์เน็ต ประเทศไทย', 'คิดตาม promotion', NULL),
('1601', 'เพื่อให้บริการผ่านศูนย์บริการทางโทรศัพท์สำหรับการรับส่งเอกสาร วัสดุภัณฑ์', 'บริษัท ยูอินโฟ จำกัด', 'คิดตาม promotion', NULL),
('1602', 'Call Center', 'บริษัท ไทยร่วมค้า เดอะซีสเต็ม จำกัด', 'คิดตาม promotion', NULL),
('1603', 'ให้บริการทางด้านอินเตอร์เน็ท', 'บริษัท รอยเนท จำกัด', 'คิดตาม promotion', NULL),
('1603', 'Call Center', 'บริษัท ไทยออยส์ จำกัด', 'คิดตาม promotion', NULL),
('1605', 'Call Center', 'บริษัท วันทูออล จำกัด', 'คิดตาม promotion', NULL),
('1606', 'Call Center', 'บ.ควอลิตี้ เอ็กเพรส จำกัด', 'คิดตาม promotion', NULL),
('1607', 'Call Center', 'บ.เวอรีน่า อินเตอร์เนชั่นแนล จก.', 'คิดตาม promotion', NULL),
('1608', 'Call Center', 'บริษัท ณุศ่าศิริ จำกัด (มหาชน)', 'คิดตาม promotion', NULL),
('1609', 'Call Center', 'บ.โรงพยาบาลจุฬารัตน์ จก.', 'คิดตาม promotion', NULL),
('1609', 'เพื่อเผยแพร่ผลงานทางวิชาการสู่สาธารณะผ่านเครือข่ายคอมพิวเตอร์', 'มหาวิทยาลัยมหิดล', 'คิดตาม promotion', NULL),
('1610', 'Call Center', 'บ.ไลฟ์ & ลิฟวิ่ง จก.', 'คิดตาม promotion', NULL),
('1611', 'Call Center', 'บริษัท เนเร่ จำกัด', 'คิดตาม promotion', NULL),
('1612', 'Call Center', 'บริษัท เอฟโวลูชั่น แคปปิตอล จำกัด(มหาชน)', 'คิดตาม promotion', NULL),
('1613', 'Call Center', 'บมจ.ซิมโฟนี่ คอมมูนิเคชั่น', 'คิดตาม promotion', NULL),
('1614', 'เพื่อเป็นช่องทางสำหรับผู้ใช้บริการและประชาชนติดต่อมาบริษัท ได้อย่างสะดวกรวดเร็ว', 'บริษัท พีทีจี เอ็นเนอยี จำกัด', 'คิดตาม promotion', NULL),
('1615', 'เพื่อจัดตั้งศูนย์บริการข่าวสารแก่ประชาชน', 'การเคหะแห่งชาติ', 'คิดตาม promotion', NULL),
('1616', 'ให้คำปรึกษา ให้บริการ รับแจ้งปัญหา รับเรื่องร้องเรียน และอำนวนความสะดวกแก่ลูกค้าที่สอบถามข้อมูลเกี่ยวกับการติดตั้งระบบก๊าซรถยต์ NGV-LPG', 'บริษัท วีอาร์พี แอนด์ เทรดดิ้ง จำกัด', 'คิดตาม promotion', NULL),
('1616', 'บริการ Audiotex', 'บมจ.ทีโอที', '3 บาท/ครั้ง', NULL),
('1618', 'เพื่อใช้เป็น Call Center ', 'บริษัท ทีวีไดเร็ค จำกัด (มหาชน)', 'คิดตาม promotion', NULL),
('1619', 'เพื่อเป็นช่องทางในการส่งเสริมการขาย รับเรื่องเสนอแนะ ร้องเรียน และแก้ไขปัญหา', 'บริษัท เคเบิล ไทย โฮลดิ้ง จำกัด (มหาชน)', 'คิดตาม promotion', NULL),
('1620', 'เพื่อใช้เป็น Call Center', 'บ.กรุงเทพประกันภัย จำกัด', 'คิดตาม promotion', NULL),
('1621', 'เตรียมความพร้อมในด้านต่าง ๆ ในการรองรับการขยายตัวทางธุรกิจประกันชีวิต', 'บมจ.พรูเด็นเชียล ประกันชีวิต', 'คิดตาม promotion', NULL),
('1622', 'เพื่อความสะดวกและรวดเร็วในการติดต่อสื่อสารและให้บริการแก่ลูกค้าที่ติดต่อกับบริษัทฯ', 'บ.มั่นคงเคหะการ จก.', 'คิดตาม promotion', NULL),
('1623', 'เพื่อเป็นศูนย์กลางการให้ข้อมูลทางโทรศัพท์ที่เดี่ยวข้องกับโครงการ AP', 'บริษัท เอพี (ไทยแลนด์) จำกัด', 'คิดตาม promotion', NULL),
('1624', 'เพื่อให้บริการข้อมูลข่าวสารแก่ลูกค้าที่มาขอใช้บริการหรือสอบถามข้อมูล ขอคำปรึกษา และติดต่อซื้อตั๋วรถโดยสาร', 'บริษัท นครชัยแอร์ จำกัด', 'คิดตาม promotion', NULL),
('1625', 'เพื่ออำนวยความสะดวกให้แก่ลูกค้า', 'บริษัท รุ่งเรืองดีเวลลอปเมนท์ จำกัด', 'คิดตาม promotion', NULL),
('1627', 'Call Center', 'บริษัท คาไลเดสโคป พร็อพเพอร์ตี้ส์ จำกัด', 'คิดตาม promotion', NULL),
('1629', 'เพื่อใช้เป็น Call Center', 'บริษัท จีเอ็มเอ็ม แซท เทรดดิ้ง จำกัด', 'คิดตาม promotion', NULL),
('1630', 'เพื่อใช้เป็น Call Center', 'บริษัท จีเอ็มเอ็ม ซีเจ โอ ชอปปิ้ง จำกัด', 'คิดตาม promotion', NULL),
('1631', 'เพื่อใช้เป็น Call Center', 'บริษัท คิง เพาเวอร์ อินเตอร์เนชั่นแนล จำกัด', 'คิดตาม promotion', NULL),
('1634', 'เพื่อติดต่อสื่อสารและอำนวยความสะดวกให้กับลูกค้า', 'บริษัท ผาทอง 24 จำกัด', 'คิดตาม promotion', NULL),
('1636', 'เพื่อเป็นช่องทางการสื่อสารที่สะดวกรวดเร็วในการให้ข้อมูลข่าวสาร กับลูกค้า', 'บริษัท กฤษดามหานคร จำกัด', 'คิดตาม promotion', NULL),
('1637', 'Call Center', 'บริษัท เจริญเคเบิลทีวี เน็ตเวอร์ค จำกัด', 'คิดตาม promotion', NULL),
('1638', 'Call Center', 'บริษัท ยันม่าร์ แคบปิตอล (ไทยแลนด์) จำกัด', 'คิดตาม promotion', NULL),
('1639', 'Call Center', 'บริษัท ซาโลร่า (ไทยแลนด์) จำกัด', 'คิดตาม promotion', NULL),
('1640', 'Call Center', 'บริษัท เมโทรซีสเต็มส์ คอร์ปอเรชั่น จำกัด (มหาชน)', 'คิดตาม promotion', NULL),
('1642', 'เพื่อให้บริการลูกค้าสั่งอาหารให้จัดส่งที่บ้าน(Home devivery) ', 'บจก.เอ็มเค เรสโตรองต์ กรุ๊ป', 'คิดตาม promotion', NULL),
('1643', 'Call Center', 'บริษัท ทรู วิชั่นส์ จำกัด', 'คิดตาม promotion', NULL),
('1644', 'เผยแพร่ข้อมูลข่าวสารการจราจร (สวพ 91)', 'กองตำรวจสื่อสาร (สวพ.91) (สำนักงานคณะกรรมการจัดระบบการจราจรทางบก-คจร.)', 'ฟรี', NULL),
('1645', 'Call Center', 'โรงพยาบาลธนบุรี', 'คิดตาม promotion', NULL),
('1645', 'ให้คำแนะนำเรื่องเอดส์แก่ผู้ป่วยและผู้ดูแล', 'สมาคมแนวร่วมภาคธุรกิจไทยต้านภัยเอดส์', 'คิดตาม promotion', NULL),
('1646', 'ให้คำปรึกษาแนะนำผู้ป่วยเบื้องต้น', 'สำนักการแพทย์ กรุงเทพมหานคร', 'คิดตาม promotion', NULL),
('1647', 'สำหรับให้บริการ Call Center', 'บ.ไทยเร้นท์อะคาร์(1978) จก.', 'คิดตาม promotion', NULL),
('1647', 'Calling Card ประเภท Prepaid และผู้ต้องขังในเรือนจำ', 'บมจ.ทีโอที', 'ฟรี', NULL),
('1648', 'บริการประชาชนและผู้บริโภคยาได้เข้าถึงข้อมูลเกี่ยวกับยา', 'องค์การเภสัชกรรม', 'คิดตาม promotion', NULL),
('1649', 'Call Center', 'บ.ยู ซิตี้ จก. (มหาชน)  (บ.แนเชอรัล พาร์ค (ชื่อเดิม))', 'คิดตาม promotion', NULL),
('1649', 'เผยแพร่ข่าวสารด้านควบคุมคุณภาพน้ำมันเชื้อเพลิง', 'กรมธุรกิจพลังงาน', 'คิดตาม promotion', NULL),
('1650', 'รับแจ้งกรณีเหตุฉุกเฉิน จากมลพิษ สารเคมี และกากของเสีย', 'กรมควบคุมมลพิษ', 'คิดตาม promotion', NULL),
('1651', 'Call Center', 'บริษัท บางจากปิโตรเลียม จำกัด', 'คิดตาม promotion', NULL),
('1652', 'เพื่ออำนวยความสะดวกในการติดต่อสื่อสารและให้บริการที่สะดวกรวดเร็ว', 'บริษัท ศรีสวัสดิ์ พาวเวอร์ 1979 จำกัด(มหาชน)', 'คิดตาม promotion', NULL),
('1653', 'โทรศัพท์สาธารณะ(TATUNKG)', 'บมจ.ทีโอที', 'ฟรี', NULL),
('1656', 'เพื่อให้บริการ Call Center สำหรับลูกค้าในธุรกิจต่างๆ', 'บ.ไซเบอร์คอล จำกัด', 'คิดตาม promotion', NULL),
('1660', 'ให้บริการขนส่ง สมาชิก และประชาชนที่เจ็บป่วย', 'บ.อีเอส อีเมอร์เจนซี่เซอร์วอส จำกัด', 'คิดตาม promotion', NULL),
('1660', 'เพื่อประชาสัมพันธ์และการให้บริการด้านข้อมูลพื้นฐานเบื้องต้น การศึกษานอกโรงเรียน', 'สำนักงานส่งเสริมการศึกษานอกระบบและการศึกษาตามอัธยาศัย (กรมการศึกษานอก)โรงเรียน', 'คิดตาม promotion', NULL),
('1661', 'บริการแท๊กซี่', 'สหกรณ์แท็กซี่สยาม จำกัด', '3 บาท/ครั้ง', NULL),
('1662', 'แจ้งการใช้น้ำประปาภูมิภาค', 'การประปาภูมิภาค', 'คิดตาม promotion', NULL),
('1663', 'ศูนย์วิจัยโรคเอดส์', 'สภากาชาดไทย', 'คิดตาม promotion', NULL),
('1664', 'โครงการรณรงค์ขจัดโรคขาดสารไอโอดีน', 'สภากาชาดไทย', 'คิดตาม promotion', NULL),
('1665', 'ให้คำแนะนำในการดูแลรักษาตนเองเบื้องต้น', 'สภากาชาดไทย', 'คิดตาม promotion', NULL),
('1666', 'รับบริจาคอวัยวะ', 'สภากาชาดไทย', 'ฟรี', NULL),
('1667', 'ช่วยเหลือประชาชนที่มีปัญหาสุขภาพจิต', 'กระทรวงสาธารณะสุข', 'ฟรี', NULL),
('1668', 'เผยแพร่ความรู้บริการสายด่วนโรคหลอดเลือดหัวใจเฉียบพลัน', 'สถาบันโรคทรวงอก ', 'คิดตาม promotion', NULL),
('1668', 'เผยแพร่ความรู้เรื่องโรคมะเร็ง', 'กรมการแพทย์', 'คิดตาม promotion', NULL),
('1669', 'แจ้งอุบัติเหตุและขอคำแนะนำฉุกเฉินประจำจังหวัด', 'กระทรวงสาธารณสุข', 'ฟรี', NULL),
('1669', 'แจ้งอุบัติเหตุและขอคำแนะนำฉุกเฉินประจำจังหวัด', 'กระทรวงสาธารณสุข', 'ฟรี', NULL),
('1669', 'แจ้งอุบัติเหตุและขอคำแนะนำฉุกเฉินประจำจังหวัด', 'กระทรวงสาธารณสุข', 'ฟรี', NULL),
('1669', 'แจ้งอุบัติเหตุและขอคำแนะนำฉุกเฉินประจำจังหวัด', 'กระทรวงสาธารณสุข', 'ฟรี', NULL),
('1669', 'แจ้งอุบัติเหตุและขอคำแนะนำฉุกเฉินประจำจังหวัด', 'กระทรวงสาธารณสุข', 'ฟรี', NULL),
('1669', 'แจ้งอุบัติเหตุและขอคำแนะนำฉุกเฉินประจำจังหวัด', 'กระทรวงสาธารณสุข', 'ฟรี', NULL),
('1669', 'แจ้งอุบัติเหตุและขอคำแนะนำฉุกเฉินประจำจังหวัด', 'สถาบันการแพทย์ฉุกเฉินแห่งชาติ กระทรวงสาธารณสุข', 'ฟรี', NULL),
('1669', 'แจ้งอุบัติเหตุและขอคำแนะนำฉุกเฉินประจำจังหวัด', 'กระทรวงสาธารณสุข', 'ฟรี', NULL),
('1671', 'เพื่อนำไปใช้เป็น Call Center', 'บจก. ซีทีไอ โลจิสติกส์ จำกัด', 'คิดตาม promotion', NULL),
('1671', 'บริการในการเรียกรถแท็กซี่', 'บริษัท โฮวา อินเตอร์เนชั่นแนล จำกัด', 'คิดตาม promotion', NULL),
('1672', 'เพื่อให้บริการเกี่ยวกับข้อมูลสถานที่ท่องเที่ยว', 'การท่องเที่ยวแห่งประเทศไทย', 'คิดตาม promotion', NULL),
('1675', 'โครงการสายด่วนโภชนาการ', 'กรมอนามัย', 'คิดตาม promotion', NULL),
('1676', 'เพื่อใช้บริการประชาชนในการรับเรื่องร้องเรียนเกี่ยวกับเจ้าหน้าที่ของรัฐ', 'สำนักงานผู้ตรวจการแผ่นดินของรัฐสภา', 'ฟรี', NULL),
('1677', 'เพื่อให้บริการช่วยเหลือสาธารณะประโยชน์', 'บริษัท ไอ.เอ็น.เอ็น เรดิโอ จำกัด', 'คิดตาม promotion', NULL),
('1678', 'ศูนย์บริการข่าวสารและข้อมูลด้านสินค้า', 'บ.DTAC', 'คิดตาม promotion', NULL),
('1679', 'บริการบอกรับสมาชิกเคเบิ้ลทีวี', 'World Cable Network', 'คิดตาม promotion', NULL),
('1680', 'บริการแก่ผู้ให้บริการ Internet', 'บจม.เทเลคอมเอเซีย คอร์ปอเรชั่น', 'คิดตาม promotion', NULL),
('1681', 'บริการวิทยุสื่อสารบนรถรับจ้างสาธารณะ', 'บ.ไทเอส คอมมูนิเคชั่น จำกัด ( ร.2/27 *29 พย. 45)', '3 บาท/ครั้ง', NULL),
('1685', 'เพื่อนำไปใช้เป็น Call Center', 'บ.แสนสิริ จก. (บ.พลัส พร็อพเพอร์ตี้ พาร์ทเนอร์ จำกัด เดิม) ', 'คิดตาม promotion', NULL),
('1686 ', 'เพื่อนำไปใช้เป็น Voice Mail Box', 'บริษัท ทรู ยูนิเวอร์เซล คอนเวอร์เจ้นซ์ จำกัด', 'คิดตาม promotion', NULL),
('1688', 'Call Center', 'กองบัญชาการตำรวจนครบาล สำนักงานตำรวจแห่งชาติ', 'ฟรี', NULL),
('1689', 'ให้บริการศูนย์รับเรื่องร้องทุกข์ ที่เกี่ยวกับกระทรวงการคลัง', 'สำนักงานปลัดกระทรวงการคลัง', 'คิดตาม promotion', NULL),
('1690', 'เพื่อให้บริการสอบถามปัญหาต่างๆ ตลอดจนข้อมูลฉุกเฉิน', 'การรถไฟแห่งประเทศไทย', 'คิดตาม promotion', NULL),
('1691', 'เพื่อใช้บริการรับแจ้งเหตุฉุกเฉินทางการแพทย์', 'โรงพยาบาลตำรวจ', 'ฟรี', NULL),
('1692', 'บริการโทรศัพท์สาธารณะแบบบัตรเครดิต(CCPS)', 'บมจ.ทีโอที', 'ฟรี', NULL),
('1693', 'บริการสอบถามข้อมูลข่าวสารการศึกษา', 'สำนักบริหารงานคณะกรรมการส่งเสริมการศึกษาเอกชน', 'คิดตาม promotion', NULL),
('1694', 'เพื่อใช้ในการจัดหางานของกรมการจัดหางาน', 'กรมการจัดหางาน', 'คิดตาม promotion', NULL),
('1695', 'เพื่อใช้ในงานร้องทุกข์เกี่ยวกับผู้ถูก          หลอกลวง', 'กรมการจัดหางาน', 'คิดตาม promotion', NULL),
('1696', 'เพื่อใช้ในการรับแจ้งเหตุเพลิงไหม้ อุบัติภัยทางน้ำ', 'กรมสื่อสารทหารเรือ', 'ฟรี', NULL),
('1698', 'ศูนย์ปฎิบัติการแก้ไขปัญหาการเลิกจ้างการว่างงาน', 'กระทรวงแรงงานฯ', 'คิดตาม promotion', NULL),
('1699', 'อำนวยความสะดวกให้กับลูกค้า', 'โรงแรมดุสิตธานี', 'คิดตาม promotion', NULL),
('1700', 'บริการเรียกเลขหมายเดียวทั่วประเทศ ( One Number )', 'บมจ.ทีโอที', '3 บาท/ครั้ง', NULL),
('1707', 'บริการเรียกเลขหมายเดียวทั่วประเทศ ( One Number )', 'บมจ.ทีโอที', '3 บาท/ครั้ง', NULL),
('1708', 'OPS (UPT) บริการบนระบบ IN ใหม่ ( ทดลอง )', 'บมจ.ทีโอที', 'คิดตาม promotion', NULL),
('1709', 'OPS (UPT) Management Serviceบริการบนระบบ IN ใหม่ ( ทดลอง )', 'บมจ.ทีโอที', 'คิดตาม promotion', NULL),
('1710', 'เพื่อจัดตั้ง Call Center ', 'สำนักงานป้องกันและปราบปรามการฟอกเงิน (ปปง.)', 'คิดตาม promotion', NULL),
('1711', 'เพื่อจัดตั้ง Call Center ', 'บ.แมคไทย จำกัด', 'คิดตาม promotion', NULL),
('1711', 'เพื่อจัดตั้ง Call Center ', 'บ.แมคไทย จำกัด', 'คิดตาม promotion', NULL),
('1712', 'เพื่อให้บริการแก่ลูกค้า', 'บ.เทสโก้ คาร์ด เซอร์วิสเซส จก.', 'คิดตาม promotion', NULL),
('1712', 'เพื่อจัดตั้ง Call Center ', 'บ.อินเตอร์เนต โซลูชั่น แอนด์ เซอร์วิส โพรวายเดอร์ จก.', 'คิดตาม promotion', NULL),
('1713', 'เพื่อจัดตั้ง Call Center ', 'กรมสรรพสามิต', 'คิดตาม promotion', NULL),
('1714', 'เพื่อนำใช้ประกอบธุรกิจด้านการตลาดและบริการลูกค้า', 'บริษัท โชว์รูมคาร์ เซ็นเตอร์ จำกัด', 'คิดตาม promotion', NULL),
('1715', 'เพื่อใช้ในกิจการของโรงพยาบาล', 'โรงพยาบาลเอกชัย', 'คิดตาม promotion', NULL),
('1715', 'เพื่อจัดตั้ง Call Center ', 'บ.สัมพันธ์ประกันภัย', 'คิดตาม promotion', NULL),
('1716', 'เพื่ออำนวยความสะดวกให้ลูกค่า', 'บ.เอ็ม เอส แฟคทอรี่ จก.', 'คิดตาม promotion', NULL),
('1716', 'เพื่อจัดตั้ง Call Center สำหรับให้ข้อมูลข่าวสารไข้หวัดนก', 'สำนักนายกรัฐมนตรี', 'ฟรี', NULL),
('1717', 'เพื่อรับเรื่องร้องทุกข์ ในปัญหาเมาแล้วไม่ขับ', 'มูลนิธิเมาไม่ขับ', 'คิดตาม promotion', NULL),
('1718', 'มูลนิธิคุณพุ่ม', 'มูลนิธิคุณพุ่ม', 'คิดตาม promotion', NULL),
('1718', 'เพื่อรองรับการให้บริการลูกค้า', 'บ.ไทยแลนด์ พรีวิเลจ คาร์ด จำกัด', 'คิดตาม promotion', NULL),
('1719', 'สำหรับให้บริการเรียกเข้าศูนย์รถพยาบาล', 'โรงพยาบาลกรุงเทพ', 'คิดตาม promotion', NULL),
('1719', 'สำหรับให้บริการเรียกเข้าศูนย์รถพยาบาล', 'โรงพยาบาลกรุงเทพ', 'คิดตาม promotion', NULL),
('1719', 'สำหรับให้บริการเรียกเข้าศูนย์รถพยาบาล', 'โรงพยาบาลกรุงเทพ', 'คิดตาม promotion', NULL),
('1720', 'เพื่ออำนวยความสะดวกและให้บริการกับลูกค้า', 'บริษัท ศุภาลัย จำกัด', 'คิดตาม promotion', NULL),
('1721', 'สำหรับให้บริการ Call Center', 'บ.ทีเอ็นที เอ็กซเพรส เวิลด์ไวด์ (ประเทศไทย) จำกัด', 'คิดตาม promotion', NULL),
('1721', 'สำหรับให้บริการ Call Center', 'บ.อาร์ เอ็น ที กรุ๊ป จำกัด', 'คิดตาม promotion', NULL),
('1722', 'Call Center', 'บ.ท่าอากาศยานไทย จก.', 'คิดตาม promotion', NULL),
('1722', 'สำหรับให้บริการ Call Center', 'บ.วันทูวัน คอนแทคส์ จำกัด', 'คิดตาม promotion', NULL),
('1723', 'สำหรับให้บริการ ', 'โรงพยาบาลยันฮี', 'คิดตาม promotion', NULL),
('1724', 'สำหรับให้บริการ ', 'บ.กรุงเทพดุสิตเวชการ จก. (มหาชน)', 'คิดตาม promotion', NULL),
('1724', 'ติดต่อสื่อสารกับบริษัท', 'บริษัท บีเอฟ กู๊ดเฮ็ลธ์เซ็นเตอร์ จำกัด', 'คิดตาม promotion', NULL),
('1725', 'สำหรับให้บริการ Call Center', 'บ.หลักทรัพย์จัดการกองทุน ทหารไทย จำกัด', 'คิดตาม promotion', NULL),
('1726', 'เพื่อใช้อำนวยความสะดวกแก่ลูกค้า', 'บจก.อาคเนย์ประกันภัย', 'คิดตาม promotion', NULL),
('1727', 'สำหรับให้บริการ Call Center', 'บจก.ซิลลิค ฟาร์มา', 'คิดตาม promotion', NULL),
('1728', 'เพื่อใช้อำนวยความสะดวกในการให้บริการคนไข้', 'บริษัท ศิครินทร์ จำกัด มหาชน  และ บริษัท โรงพยาบาลศิครินทร์ หาดใหญ่', 'คิดตาม promotion', NULL),
('1729', 'เพื่อใช้สำหรับการดำเนินธุรกิจแก่ลูกค้า', 'บจก. สินทรัพย์ประกันภัย', 'คิดตาม promotion', NULL),
('1730', 'สำหรับให้บริการ Call Center', 'บ.อีซี่ ซิสเต็ม เทเลคอม จก.', 'คิดตาม promotion', NULL),
('1731', 'สำหรับให้บริการ Call Center', 'บ.พรีเมียร์ เมโทรบัส จก.', 'คิดตาม promotion', NULL),
('1731', 'สำหรับให้บริการ Call Center', 'บ.บางกอกอินดัสเทรียลแก็ส', 'คิดตาม promotion', NULL),
('1732', 'สำหรับให้บริการ Call Center', 'บ.ปูนซีเมนต์นครหลวง', 'คิดตาม promotion', NULL),
('1734', 'สำหรับให้บริการ Call Center', 'บ.เซฟโรเลต เซลส์ จำกัด', 'คิดตาม promotion', NULL),
('1735', 'สำหรับใช้งานเป็นศูนย์บริการข้อมูลข่าวสารของบริษัทฯ', 'บริษัท กสท โทรคมนาคม จำกัด (CAT)', 'คิดตาม promotion', NULL),
('1736', 'Call Center', 'บ.ทิพยประกันภัย จก.', 'คิดตาม promotion', NULL),
('1737', 'สำหรับให้บริการ Call Center', 'บ.ที คิว เอ็ม อินชัวร์รันส์โบรกเกอร์ จำกัด', 'คิดตาม promotion', NULL),
('1738', 'สำหรับให้บริการ Call Center', 'บ.จัสมินอินเตอร์เนต จำกัด (เจไอเนต)', 'คิดตาม promotion', NULL),
('1739', 'สำหรับให้บริการ Call Center', 'บ.พฤกษา เรียลเอสเตท จำกัด', 'คิดตาม promotion', NULL),
('1740', 'เพื่อให้บริการโทรศัพท์ราคาประหยัด', 'บ.ซุปเปอร์ บรอดแบนด์ เน็ทเวอร์ค จก.', 'คิดตาม promotion', NULL),
('1740 ', 'สำหรับให้บริการ Call Center ของ กระทรวง', 'กระทรวงวิทยาศาสตร์และเทคโนโลยี่', 'คิดตาม promotion', NULL),
('1741', 'Call Center', 'บ.มิตรแท้ประกันภัย จก.', 'คิดตาม promotion', NULL),
('1741', 'สำหรับให้บริการ Call Center', 'สำนักงานศาลยุติธรรม', 'คิดตาม promotion', NULL),
('1742', 'โครงข่ายเสมือนแบบ Dial up (VPDN)', 'บ.ซุปเปอร์ บรอดแบนด์ เน็ทเวอร์ค จก.', 'คิดตาม promotion', NULL),
('1743', 'ศูนย์สอบถามข้อมูลเกี่ยวกับการดำเนินงานของรัฐสภา', 'สำนักงานเลขาธิการสภาผู้แทนราษฎร', 'คิดตาม promotion', NULL),
('1744', 'สำหรับให้บริการ Call Center', 'ไทย เจเพลส', 'คิดตาม promotion', NULL),
('1745', 'สำหรับให้บริการ Call Center', 'บ.บางปะกอก ฮอลพิทอล กร๊ป จก.', 'คิดตาม promotion', NULL),
('1746', 'สำหรับให้บริการ Call Center', 'กรมการพัฒนาชุมชน', 'คิดตาม promotion', NULL),
('1746', 'เพื่อเป็นช่องทางในการติดต่อของลูกค้า และสะดวกในการบริหารจัดการข้อมูลและข่าวสารต่าง ๆ  ', 'บริษัท อุบลวัสดุ จำกัด', 'คิดตาม promotion', NULL),
('1747', 'สำหรับให้บริการ Call Center', 'บ.สยามคูโบต้าอุตสาหกรรม', 'คิดตาม promotion', NULL),
('1747', 'สำหรับให้บริการ Call Center', 'บ.สยามคูโบต้าอุตสาหกรรม', 'คิดตาม promotion', NULL),
('1748', 'สำหรับให้บริการ Call Center', 'บ.นวกิจประกันภัย จก.', 'คิดตาม promotion', NULL),
('1749', 'Call Center', 'บ.เอส ซี แอสเสท คอร์ปอเรชั่น จก.', 'คิดตาม promotion', NULL),
('1750', 'สำหรับให้บริการ Call Center', 'บ.เอเชียซอฟท์ คอร์ปอเรชั่น จำกัด', 'คิดตาม promotion', NULL),
('1751', 'เพื่อสนับสนุนแผลกลยุทธ์ในการดำเนินธุรกิจให้มีประสิทธิภาพและสัมฤทธิ์ผล', 'บ.พรอมิส (ประเทศไทย) จก.', 'คิดตาม promotion', NULL),
('1752', 'สำหรับให้บริการ Call Center', 'บ.เวลเนสแคร์ ', 'คิดตาม promotion', NULL),
('1753', 'สำหรับให้บริการ Call Center', 'บมจ.ปริญสิริ', 'คิดตาม promotion', NULL),
('1754', 'สำหรับให้บริการ Call Center', 'บ.เมโกะบิวตี้ ', 'คิดตาม promotion', NULL),
('1755', 'รองรับการสั่งผลิตภัณฑ์และวัสดุก่อสร้างจากลูกค้า', 'บ. CPAC', 'คิดตาม promotion', NULL),
('1756', 'Call Center', 'บ.บิ๊กซี ซูเปอร์เซ็นเตอร์ จก.', 'คิดตาม promotion', NULL),
('1756', 'เพื่อนำไปใช้ในการทำธุรกิจและประโยชน์ในการสื่อสารของบริษัท', 'บ.อรนลิน ', 'คิดตาม promotion', NULL),
('1757', 'สำหรับให้บริการ Call Center', 'บ.ซิตี้ เซอร์วิส แอนด์ โซลูชั่นส์ จก.', 'คิดตาม promotion', NULL),
('1758', 'สำหรับให้บริการ Call Center', 'บ.ซิกม่า ประกันภัย จก.', 'คิดตาม promotion', NULL),
('1759', 'เพื่ออำนวยความสะดวกให้กับลูกค้า', 'บริษัท ดั๊บเบิ้ลเอ (1991) จำกัด (มหาชน)', 'คิดตาม promotion', NULL),
('1760', 'เพื่อให้บริการข่าวสารและข้อมูลของหน่วยงาน', 'กรมพัฒนาที่ดิน', 'คิดตาม promotion', NULL),
('1761', 'เพื่ออำนวยความสะดวกแก่ประชาชนในการติดต่อการสมาคมฯ', 'สมาคมแม่บ้านมหาดไทย', 'คิดตาม promotion', NULL),
('1762', 'เพื่อตอบคำถามลูกค้าเกี่ยวกับสินค้า', 'บ.สิงห์ คอร์ปอเรชั่น จก.', 'คิดตาม promotion', NULL),
('1763 ', 'เพื่อใช้เป็น Call Center', 'บ.บางกอกไตรวิชั่น จำกัด', 'คิดตาม promotion', NULL),
('1764', 'เพื่อดำเนินการแปลงทรัพย์สินเป็นทุนในเขตการปฎิรูปที่ดิน', 'สำนักงานการปฎิรูปที่ดินเพื่อการเกษตร', 'คิดตาม promotion', NULL),
('1765', 'ศูนย์บริการข้อมูลเกี่ยวกับวัฒนธรรม', 'กระทรวงวัฒนธรรม', 'คิดตาม promotion', NULL),
('1766', 'ศูนย์ Call Center', 'บริษัท เมืองไทยประกันชีวิต จำกัด', 'คิดตาม promotion', NULL),
('1767', 'เพื่อใช้งาน Call Center', 'บริษัท ไทยเอแซพ ลอจิสติค จำกัด', 'คิดตาม promotion', NULL),
('1767', 'ศูนย์ Call Center', 'สำนักงานบริหารการแปลงสินทรัพย์เป็นทุน', 'คิดตาม promotion', NULL),
('1768', 'เพื่อรับเรื่องร้องเรียนของประชาชนเกี่ยวกับการปฎิบัติงานของตำรวจ', 'คณะกรรมการตรวจสอบและติดตามการบริหารงานตำรวจ และสำรองใช้งานในภารกิจพิเศษ(ศูนย์ประสานงาน กต.ตร)', 'คิดตาม promotion', NULL),
('1769', 'เพื่อนำไปใช้เป็น Call Center', 'บ.เนชั่น บรอดแคสติ้ง คอร์ปอเรชั่น จก.', 'คิดตาม promotion', NULL),
('1770', 'เพื่อเป็น Call Center', 'ธนาคารธนชาติ จำกัด (มหาชน)', 'คิดตาม promotion', NULL),
('1771', 'เพื่อเป็น Call Center', 'บ. การบินกรุงเทพ จำกัด', 'คิดตาม promotion', NULL),
('1772', 'เพื่อเป็น Call Center', 'โรงพยาบาลพญาไท', 'คิดตาม promotion', NULL),
('1773', 'เพื่อเป็น Call Center', 'บริษัท โออิชิ กรุ๊ป จำกัด', 'คิดตาม promotion', NULL),
('1773', 'เพื่อเป็น Call Center', 'บริษัท โออิชิ กรุ๊ป จำกัด', 'คิดตาม promotion', NULL),
('1773', 'เพื่อเป็น Call Center', 'บริษัท โออิชิ กรุ๊ป จำกัด', 'คิดตาม promotion', NULL),
('1774', 'เพื่อเป็น Call Center', 'บริษัท ทัสโก้ ทราโฟ จำกัด', 'คิดตาม promotion', NULL),
('1774', 'เพื่อเป็น Call Center', 'บ.หลักทรัพย์ ฟินันซ่า จำกัด', 'คิดตาม promotion', NULL),
('1775', 'เพื่อเป็น Call Center', 'บริษัท เสนาดีเวลลอปเม้นท์ จำกัด', 'คิดตาม promotion', NULL),
('1776', 'เพื่อใช้ในกิจการของโรงพยาบาล', 'โรงพยาบาลมหาชัย   จ.สมุทรสาคร', 'คิดตาม promotion', NULL),
('1776', 'เพื่อเป็น Call Center', 'บ.สามารถ ไอ-โมบาย จำกัด', '3 บาท/ครั้ง', NULL),
('1777', 'เพื่อใช้ในกิจการลูกค้าสัมพันธ์โทรศัพท์เคลื่อนที่ 1900', 'บมจ.ทีโอที', '3 บาท/ครั้ง', NULL),
('1778', 'เพื่อใช้งาน Call Center', 'บ.ลลิล พร็อพเพอร์ตี้ จก.', 'คิดตาม promotion', NULL),
('1778', 'เพื่อให้บริการ Fax เอกสารต่างๆเข้ามายังศูนย์บริการ', 'บมจ.ทีโอที', '3 บาท/ครั้ง', NULL),
('1779', 'เพื่อใช้งาน Call Center', 'บมจ.อินเตอร์ ไดเร็ค เอกคลูซีฟ', 'คิดตาม promotion', NULL),
('1779', 'เพื่อใช้งาน Call Center', 'บมจ.อินเตอร์ ไดเร็ค เอกคลูซีฟ', 'คิดตาม promotion', NULL),
('1779', 'เพื่อใช้บริการ Voice Mail', 'บมจ.ทีโอที', '3 บาท/ครั้ง', NULL),
('1780', 'เพื่ออำนวยความสะดวกกรณีพิเศษ ในพื้นที่ 14 จังหวัดภาคใต้', 'ศูนย์ประสานงานข่าวกรองแห่งชาติ', 'คิดตาม promotion', NULL),
('1780', 'เพื่ออำนวยความสะดวกและให้บริการกับลูกค้า', 'บ.แอลซี ดีไลท์ จก.', 'คิดตาม promotion', NULL),
('1781', 'เพื่อให้บริการและติดต่อสอบถามข้อมูลเกี่ยวกับบริการและสินค้า', 'บ.อาร์เอส จก.', 'คิดตาม promotion', NULL),
('1782', 'เพื่อใช้งาน Call Center', 'บ. เฟดเดอรัล เอ็กซ์เพรส คอร์ปอเรชั่น', 'คิดตาม promotion', NULL),
('1783', 'เพื่อใช้งาน Call Center', 'บริษัท บิลท์ แลนด์ จำกัด (มหาชน)', 'คิดตาม promotion', NULL),
('1783', 'เพื่ออำนวยความสะดวกแก่นักธุรกิจ นักลงทุน APEC', 'สำนักงานคณะกรรมการส่งเสริมการลงทุน', 'คิดตาม promotion', NULL),
('1784', 'เพื่อให้บริการข้อมูลข่าวสารเกี่ยวกับการป้องกันและบรรเทาสาธารณภัย', 'กรมป้องกันและบรรเทาสาธารณภัย', 'ฟรี', NULL),
('1784', 'เพื่อให้บริการข้อมูลข่าวสารเกี่ยวกับการป้องกันและบรรเทาสาธารณภัย', 'กรมป้องกันและบรรเทาสาธารณภัย', 'ฟรี', NULL),
('1785', 'เพื่อใช้ในงานราชการ', 'สำนักงาน กพ.ร', 'คิดตาม promotion', NULL),
('1786', 'เพื่อให้ความช่วยเหลือรถเสียฉุกเฉิน และผู้ที่เกิดอุบัติเหตุบนถนนทั่วประเทศ 24 ชม.', 'บ.เอ จี เอ เซอร์วิสเซส (ประเทศไทย) จก.', 'คิดตาม promotion', NULL),
('1786', 'เพื่ออำนวยความสะดวกในการติดต่อสอบถามเกี่ยวกับการศึกษาต่างประเทศ', 'สำนักงาน ก.พ', 'คิดตาม promotion', NULL),
('1787', 'เพื่อโฆษณาประชาสัมมพันธ์และรับเรื่อวร้องเรียนจากลูกค้า', 'การสื่อสารแห่งประเทศไทย', 'คิดตาม promotion', NULL),
('1788', 'เพื่ออำนวยความสะดวกและให้บริการกับลูกค้า', 'บ.ซีพีเอฟเทรดดิ้ง จก.', 'คิดตาม promotion', NULL),
('1788', 'เพื่อ Dealer ใช้ในการติดต่อบริษัทฯ', 'บมจ.ทีโอที', '3 บาท/ครั้ง', NULL),
('1789', 'เพื่ออำนวยความสะดวกและในการให้บริการแก่ลูกค้า', 'บ.ไฮเออร์ อีเลคทริคอล แอพพลายแอนซ์(ประเทศไทย) จก.', 'คิดตาม promotion', NULL),
('1790', 'เพื่อเป็น Call Center', 'บ.แอลเอ็มจี ประกันภัย จก.', 'คิดตาม promotion', NULL),
('1791', 'เพื่อให้บริการข้อมูลข่าวสาร', 'บ.กลางคุ้มครองผู้ประสบภัยจากรถ จก.', 'คิดตาม promotion', NULL),
('1792', 'เพื่อให้บริการประชาชน', 'บริษัท ศรีวิชัยเวชวิวัฒน์ จำกัด(มหาชน) (โรงพยาบาลศรีวิชัย 3 อ้อมน้อย)', 'คิดตาม promotion', NULL),
('1793', 'เพื่อเป็น Call Center', 'บ.ดีแลนด์กรุ๊ป จก.', 'คิดตาม promotion', NULL),
('1794', 'เพื่อเป็น Call Center', 'บ.บาร์โคนี่ จก.', 'คิดตาม promotion', NULL),
('1795', 'เพื่อใช้ในกิจกรรมทางการตลาดของบริษัท', 'บ.ทีซีที เอสเซสโซรี่ จก.', 'คิดตาม promotion', NULL),
('1796', 'เพื่อให้ประชาชนติดต่อกับบริษัท', 'บ.แอล เอ็น เอส กรุ๊ป จก.', 'คิดตาม promotion', NULL),
('1797', 'Call Center', 'บ.อารียา พรอพเพอร์ตี้ จก.', 'คิดตาม promotion', NULL),
('1797', 'เพื่อจัดตั้ง Call Center ให้นักท่องเที่ยว', 'นครสารสนเทศ', 'คิดตาม promotion', NULL),
('1798', 'Call Center', 'บ.มาสเตอร์ คาร์ เร้นเทิล จก.', 'คิดตาม promotion', NULL),
('1799', 'เพื่อให้บริการข้อมูลเชิงพาณิชย์ Audiotex', 'บมจ.ทีโอที', '6 บาท/นาที', NULL),
('1800', 'บริการ Free Phone Service (FPS) และ Home Country Direct Service (HCDS)', 'บมจ.ทีโอที', 'ฟรี', NULL),
('1800', 'บริการ CAT2call Plus', 'บมจ.กสท', 'ฟรี', NULL),
('1800', 'บริการ CAT2call Plus', 'บมจ.กสท', 'ฟรี', NULL),
('1800', 'บริการ Toll Free', 'TUC', 'ฟรี', NULL),
('1800', 'บริการ Toll Free', 'บมจ.กสท', 'ฟรี', NULL),
('1800', 'บริการ Toll Free', 'บจม.เทเลคอมเอเซีย คอร์ปอเรชั่น', 'คิดตาม promotion', NULL),
('1800', 'บริการ Toll Free', 'บจม.เทเลคอมเอเซีย คอร์ปอเรชั่น', 'คิดตาม promotion', NULL),
('1800', 'บริการ Toll Free', 'บมจ.ทีโอที', 'คิดตาม promotion', NULL),
('1800', 'บริการ Toll Free', 'บมจ.ทีโอที', 'คิดตาม promotion', NULL),
('1800', 'บริการ Toll Free', 'บจม.เทเลคอมเอเซีย คอร์ปอเรชั่น', 'คิดตาม promotion', NULL),
('1800', 'เพื่อให้คนไทยในต่างแดนโทรศัพท์กลับบ้านโดยไม่ต้องกังวลกับภาษาอังกฤษ และเก็บเงินปลายทาง (HCDS มาเลเซีย)', 'ทศท. กับ TIME Telekom', 'ฟรี', NULL),
('1800', 'เพื่อให้คนไทยในต่างแดนโทรศัพท์กลับบ้านโดยไม่ต้องกังวลกับภาษาอังกฤษ และเก็บเงินปลายทาง (HCDS มาเลเซีย)', 'ทศท. กับ Telekom Malaysia', 'ฟรี', NULL),
('1800', 'เพื่อให้คนไทยในต่างแดนโทรศัพท์กลับบ้านโดยไม่ต้องกังวลกับภาษาอังกฤษ และเก็บเงินปลายทาง (HCDS สิงคโปร์) ', 'ทศท. กับ Singapore Telecom', 'ฟรี', NULL),
('1800', 'เพื่อให้คนไทยในต่างแดนโทรศัพท์กลับบ้านโดยไม่ต้องกังวลกับภาษาอังกฤษ และเก็บเงินปลายทาง (HCDS Korea) ', 'ทศท. กับ Korea (Dacom)', 'ฟรี', NULL),
('1800', 'บริการติดต่อเกี่ยวกับการเปลี่ยนอัตราค่าบริการโทรศัพท์รูปแบบใหม่', 'บมจ.ทีโอที', 'ฟรี', NULL),
('1808', 'Free Phone', 'บมจ.ทีโอที', 'ฟรี', NULL),
('1811', 'เทียบเวลามาตรฐาน', 'กรมอุทกศาสตร์ ทหารเรือ', '3 บาท/ครั้ง', NULL),
('1855', 'รับแจ้งเหตุฉุกเฉิน', 'กรมทหารราบที่ 11', 'คิดตาม promotion', NULL),
('1856', 'ติดต่อราชการของเครือข่ายภาคประชาชนเพื่อความมั่นคงแห่งชาติ', 'สำนักข่าวกรองแห่งชาติ', 'คิดตาม promotion', NULL),
('1860', 'ศูนย์เตือนภัย', 'สำนักเลขาธิการนายกรัฐมนตรี', 'คิดตาม promotion', NULL),
('1877', 'ศูนย์ปฏิบัติการกระทรวงมหาดไทย', 'สำนักงานปลัดกระทรวงมหาดไทย กระทรวงมหาดไทย', 'คิดตาม promotion', NULL),
('1880', 'ศอ.บต.', 'ศูนย์อำนวยการบริหารจังหวัดชายแดนภาคใต้ ', 'ฟรี', NULL),
('1881', 'ศูนย์ประสานงานเหตุฉุกเฉินแห่งชาติ', 'ศูนย์ประสานงานเหตุฉุกเฉินแห่งชาติ', 'ฟรี', NULL),
('1888', 'บริการ Calling Card', 'บมจ.ทีโอที', 'ฟรี', NULL),
('1890', 'ให้บริการประชาชนในพื้นที่จังหวัดชายแดนภาคใต้', 'กระทรวงมหาดไทย', 'คิดตาม promotion', NULL),
('1899', 'ด้านความมั่นคงภายในของรัฐ', 'กองอำนวยการรักษาความมั่นคงภายใน (กอ.รมน)', 'ฟรี', NULL),
('1900', 'บริการ Audiotex', 'บ.ทริปเปิ้ล เอ แอสเซ็ท แมนเนทเม้นท์ จำกัด', 'คิดตาม promotion', NULL),
('1900', 'บริการ Audiotex', 'บ.ทริปเปิ้ล เอ แอสเซ็ท แมนเนทเม้นท์ จำกัด', 'คิดตาม promotion', NULL),
('1900', 'บริการ Audiotex', 'บริษัท โมโนเทคโนโลยี', 'คิดตาม promotion', NULL),
('1900', 'บริการ Audiotex', 'บริษัท โมโนเทคโนโลยี', 'คิดตาม promotion', NULL),
('1900', 'บริการ Audiotex', 'บริษัท โมโนเทคโนโลยี', 'คิดตาม promotion', NULL),
('1900', 'บริการ Audiotex', 'บริษัท โมโนเทคโนโลยี', 'คิดตาม promotion', NULL),
('1900', 'บริการ Audiotex', 'บริษัท สามารถมัลติมีเดีย จำกัด', 'คิดตาม promotion', NULL),
('1900', 'บริการ Audiotex', 'บริษัท สามารถมัลติมีเดีย จำกัด', 'คิดตาม promotion', NULL),
('1900', 'บริการ Audiotex', 'บริษัท สามารถมัลติมีเดีย จำกัด', 'คิดตาม promotion', NULL),
('1900', 'บริการ Audiotex', 'บริษัท สามารถมัลติมีเดีย จำกัด', 'คิดตาม promotion', NULL),
('1900', 'บริการ Audiotex', 'บริษัท สามารถมัลติมีเดีย จำกัด', 'คิดตาม promotion', NULL),
('1900', 'บริการ Audiotex', 'บริษัท สามารถมัลติมีเดีย จำกัด', 'คิดตาม promotion', NULL),
('1900', 'บริการ Audiotex', 'บริษัท สามารถมัลติมีเดีย จำกัด', 'คิดตาม promotion', NULL),
('1900', 'บริการ Audiotex', 'บริษัท สามารถมัลติมีเดีย จำกัด', 'คิดตาม promotion', NULL),
('1900', 'บริการ Audiotex', 'บริษัท สามารถมัลติมีเดีย จำกัด', 'คิดตาม promotion', NULL),
('1900', 'บริการ Audiotex', 'บริษัท สามารถมัลติมีเดีย จำกัด', 'คิดตาม promotion', NULL),
('1900', 'บริการ Audiotex ', 'บ.จีเอ็มเอ็ม ดิจิตอลโดเมน จำกัด', 'คิดตาม promotion', NULL),
('1900', 'บริการ Audiotex ', 'บ.เอ็มจีเอ รีเทล จำกัด', 'คิดตาม promotion', NULL),
('1900', 'บริการ Audiotex', 'บริษัท สามารถมัลติมีเดีย จำกัด', 'คิดตาม promotion', NULL),
('1900', 'บริการ Audiotex', 'บริษัท สามารถมัลติมีเดีย จำกัด', 'คิดตาม promotion', NULL),
('1900', 'บริการ Audiotex', 'บ.เทเลอินโฟ มิเดีย จำกัด', 'คิดตาม promotion', NULL),
('1900', 'บริการ Audiotex', 'บ.เทเลอินโฟ มิเดีย จำกัด', 'คิดตาม promotion', NULL),
('1900', 'บริการ Audiotex', 'บ.เทเลอินโฟ มิเดีย จำกัด', 'คิดตาม promotion', NULL),
('1900', 'บริการ Audiotex', 'บ.เทเลอินโฟ มิเดีย จำกัด', 'คิดตาม promotion', NULL),
('1900', 'บริการ Audiotex', 'บ.เทเลอินโฟ มิเดีย จำกัด', 'คิดตาม promotion', NULL),
('1900', 'บริการ Audiotex', 'บ.เทเลอินโฟ มิเดีย จำกัด', 'คิดตาม promotion', NULL),
('1900', 'บริการ Audiotex', 'บ.Thai Audiotex Service Company Limited (TAS)', 'คิดตาม promotion', NULL),
('1900', 'บริการ Audiotex', 'บ.Thai Audiotex Service Company Limited (TAS)', 'คิดตาม promotion', NULL),
('1900', 'บริการ Audiotex', 'บ.Thai Audiotex Service Company Limited (TAS)', 'คิดตาม promotion', NULL),
('1900', 'บริการ Audiotex', 'บ.Thai Audiotex Service Company Limited (TAS)', 'คิดตาม promotion', NULL),
('1900', 'บริการ Audiotex', 'บ.Thai Audiotex Service Company Limited (TAS)', 'คิดตาม promotion', NULL),
('1900', 'บริการ Audiotex', 'บ.Thai Audiotex Service Company Limited (TAS)', 'คิดตาม promotion', NULL),
('1900', 'บริการ Audiotex', 'บ.Thai Audiotex Service Company Limited (TAS)', 'คิดตาม promotion', NULL),
('1900', 'บริการ Audiotex', 'บ.Thai Audiotex Service Company Limited (TAS)', 'คิดตาม promotion', NULL),
('1900', 'บริการ Audiotex', 'บ.Thai Audiotex Service Company Limited (TAS)', 'คิดตาม promotion', NULL),
('1900', 'บริการ Audiotex', 'บ.108-1900 ออดิโอเท็กซ์', 'คิดตาม promotion', NULL),
('1900', 'บริการ Audiotex', 'บ.108-1900 ออดิโอเท็กซ์', 'คิดตาม promotion', NULL),
('1900', 'บริการ Audiotex', 'บ.108-1900 ออดิโอเท็กซ์', 'คิดตาม promotion', NULL),
('1900', 'บริการ Audiotex', 'บ.108-1900 ออดิโอเท็กซ์', 'คิดตาม promotion', NULL),
('1900', 'บริการ Audiotex', 'บ.108-1900 ออดิโอเท็กซ์', 'คิดตาม promotion', NULL),
('1900', 'บริการ Audiotex', 'บ.108-1900 ออดิโอเท็กซ์', 'คิดตาม promotion', NULL),
('1900', 'บริการ Audiotex', 'บ.108-1900 ออดิโอเท็กซ์', 'คิดตาม promotion', NULL),
('1900', 'บริการ Audiotex', 'บ.108-1900 ออดิโอเท็กซ์', 'คิดตาม promotion', NULL),
('1900', 'บริการ Audiotex', 'บ.ควอลิตี้ ดิจิตอล ไลนส์ จำกัด', 'คิดตาม promotion', NULL),
('1900', 'บริการ Audiotex', 'บ.ไทยเทเลวอยซ์ จก.', 'คิดตาม promotion', NULL),
('1900', 'บริการ Audiotex', 'บ.ไทยเทเลวอยซ์ จก.', 'คิดตาม promotion', NULL),
('1900', 'บริการ Audiotex', 'บ.ไทยเทเลวอยซ์ จก.', 'คิดตาม promotion', NULL),
('1900', 'บริการ Audiotex', 'บ.ทริปเปิ้ล เอ แอสเซ็ท แมนเนทเม้นท์ จำกัด', 'คิดตาม promotion', NULL),
('1900', 'PRS (Premium Rate Service) บริการบนระบบ IN ใหม่ ( ทดลอง )', 'บมจ.ทีโอที', 'คิดตาม promotion', NULL),
('1900', 'Premium Rate ใช้เหมือน Audiotext (IN)', 'บมจ.ทีโอที', 'คิดตาม promotion', NULL),
('1900', 'Premium Rate ใช้เหมือน Audiotext (IN)', 'บมจ.ทีโอที', 'คิดตาม promotion', NULL),
('1900', 'บริการ Audiotex ', 'บ.ไซเบอร์คอล จำกัด', 'คิดตาม promotion', NULL),
('1900', 'บริการ Audiotex ', 'บ.ไซเบอร์คอล จำกัด', 'คิดตาม promotion', NULL),
('1900', 'บริการ Audiotex ', 'บ.ไซเบอร์คอล จำกัด', 'คิดตาม promotion', NULL),
('1900', 'บริการ Audiotex ', 'บ.ไซเบอร์คอล จำกัด', 'คิดตาม promotion', NULL),
('1900', 'บริการ Audiotex', 'บ.เอฟโวลูชั่น แคปปิตอล จำกัด เปลี่ยนจาก บ.สยามทูยู จำกัด', 'คิดตาม promotion', NULL),
('1900', 'บริการ Audiotex', 'บ.เอฟโวลูชั่น แคปปิตอล จำกัด เปลี่ยนจาก บ.สยามทูยู จำกัด', 'คิดตาม promotion', NULL),
('1900', 'APS (Adversing Phone Service) บริการบนระบบ IN ใหม่ ( ทดลอง )', 'บมจ.ทีโอที', 'คิดตาม promotion', NULL),
('1900', 'บริการ Audiotex', 'บ.ทริปเปิ้ล เอ แอสเซ็ท แมนเนทเม้นท์ จำกัด', 'คิดตาม promotion', NULL),
('1900', 'บริการ Audiotex ', 'บ.เลเวลอัพ ออนไลน์ จก. (บ.เอ็มแว็ป ประเทศไทย)', 'คิดตาม promotion', NULL),
('1900', 'บริการ Audiotex ', 'บ.เลเวลอัพ ออนไลน์ จก. (บ.เอ็มแว็ป ประเทศไทย)', 'คิดตาม promotion', NULL),
('1900', 'บริการ Audiotex ', 'บ.เลเวลอัพ ออนไลน์ จก. (บ.เอ็มแว็ป ประเทศไทย)', 'คิดตาม promotion', NULL),
('1900', 'บริการ Audiotex ', 'บ.เลเวลอัพ ออนไลน์ จก. (บ.เอ็มแว็ป ประเทศไทย)', 'คิดตาม promotion', NULL),
('1900', 'บริการ Audiotex ', 'บ.เลเวลอัพ ออนไลน์ จก.', 'คิดตาม promotion', NULL),
('1900', 'บริการ Audiotex ', 'บ.ควอลิตี้ ดิจิตอล ไลนส์ จำกัด', 'คิดตาม promotion', NULL),
('1900', 'บริการ Audiotex ', 'บ.ควอลิตี้ ดิจิตอล ไลนส์ จำกัด', 'คิดตาม promotion', NULL),
('1900', 'บริการ Audiotex ', 'บ.ควอลิตี้ ดิจิตอล ไลนส์ จำกัด', 'คิดตาม promotion', NULL),
('1900', 'บริการ Audiotex ', 'บ.ควอลิตี้ ดิจิตอล ไลนส์ จำกัด', 'คิดตาม promotion', NULL),
('1900', 'บริการ Audiotex ', 'บ.ควอลิตี้ ดิจิตอล ไลนส์ จำกัด', 'คิดตาม promotion', NULL),
('1900', 'บริการ Audiotex ', 'บ.ควอลิตี้ ดิจิตอล ไลนส์ จำกัด', 'คิดตาม promotion', NULL),
('1900', 'บริการ Audiotex ', 'บ.จีเอ็มเอ็ม ดิจิตอลโดเมน จำกัด', 'คิดตาม promotion', NULL),
('1900', 'บริการ Audiotex ', 'บ.จีเอ็มเอ็ม ดิจิตอลโดเมน จำกัด', 'คิดตาม promotion', NULL),
('1900', 'บริการ Audiotex ', 'บ.จีเอ็มเอ็ม ดิจิตอลโดเมน จำกัด', 'คิดตาม promotion', NULL),
('1900', 'บริการ Audiotex ', 'บ.จีเอ็มเอ็ม ดิจิตอลโดเมน จำกัด', 'คิดตาม promotion', NULL),
('1900', 'บริการบนระบบ IN ใหม่ ( ทดลอง )', 'บมจ.ทีโอที', 'คิดตาม promotion', NULL),
('1900', 'บริการ Audiotex ', 'บมจ.ทีโอที', '6 บาท/นาที', NULL),
('1900', 'บริการ Audiotex ', 'บมจ.ทีโอที', '6 บาท/นาที', NULL),
('1900', 'บริการ Audiotex', 'บ.อินโฟเทล คอมมูนิเคชั่น', 'คิดตาม promotion', NULL),
('1900', 'บริการ Audiotex', 'บ.อินโฟเทล คอมมูนิเคชั่น', 'คิดตาม promotion', NULL),
('1900', 'บริการ Audiotex', 'บ.อินโฟเทล คอมมูนิเคชั่น', 'คิดตาม promotion', NULL),
('1900', 'บริการ Audiotex', 'บ.อินโฟเทล คอมมูนิเคชั่น', 'คิดตาม promotion', NULL),
('1900', 'บริการ Audiotex', 'บ.อินโฟเทล คอมมูนิเคชั่น', 'คิดตาม promotion', NULL),
('1900', 'บริการ Audiotex', 'บ.อินโฟเทล คอมมูนิเคชั่น', 'คิดตาม promotion', NULL),
('1900', 'บริการ Audiotex', 'บ.อินโฟเทล คอมมูนิเคชั่น', 'คิดตาม promotion', NULL),
('1900', 'บริการ Audiotex', 'บ.อินโฟเทล คอมมูนิเคชั่น', 'คิดตาม promotion', NULL),
('1900', 'บริการ Audiotex', 'บ.เอฟโวลูชั่น แคปปิตอล จำกัด เปลี่ยนจาก บ.สยามทูยู จำกัด', 'คิดตาม promotion', NULL),
('1900', 'บริการ Audiotex', 'บ.เอฟโวลูชั่น แคปปิตอล จำกัด เปลี่ยนจาก บ.สยามทูยู จำกัด', 'คิดตาม promotion', NULL),
('1909', 'ให้บริการเปลี่ยนแปลงข้อมูลลูกค้า Premium Rate และ Televoting', 'บมจ.ทีโอที', 'ฟรี', NULL),
('06904', 'บริการ IODC หรือ HDC', 'การสื่อสารแห่งประเทศไทย', 'คิดตาม promotion', '2018-07-16'),
('17ABC  ', 'แจ้งโทรศัพท์เสีย (17+ABC)', 'บมจ.ทีโอที', 'ฟรี', NULL),
('7000', 'แจ้งให้ผู้เช่าทราบเลขหมายปลายทางที่ผู้เช่าติดต่อไม่ได้ จาก RVS', 'บมจ.ทีโอที', 'ฟรี', NULL),
('7001', 'งานบำรุงรักษาระบบชุมสาย', 'บมจ.ทีโอที', 'ฟรี', NULL),
('7002', 'Call Forward', 'บริษัท เชสเตอร์ฟู้ด จำกัด', 'คิดตาม promotion', NULL),
('7003', 'ใช้ตรวจสอบ A No. จาก RVS', 'บมจ.ทีโอที', 'ฟรี', NULL),
('7004', 'เพื่อแจ้ง Annuouncement (ระบบ RVS)   (ชบป.)', 'บมจ.ทีโอที', 'ฟรี', NULL),
('7005', 'ทดสอบโครงการปรับปรุง IP (เหมือน 1288 ชั่วคราว)', 'บมจ.ทีโอที', 'ฟรี', NULL),
('7006', 'ทดสอบโครงการปรับปรุง IP (เหมือน 1222 ชั่วคราว)', 'บมจ.ทีโอที', 'ฟรี', NULL),
('7007', 'ทดสอบระบบ PIN PHONE 108 ไประบบ NGIN (ZTE)', 'บมจ.ทีโอที', 'ฟรี', NULL),
('7009', 'บริการ Multi Control Unit (MCU) บน โครงข่าย Huawei', 'เฉพาะ บมจ.ทีโอที', 'ฟรี', NULL),
('7010', 'โทรศัพท์สาธารณะ(TATUNKG)', 'บมจ.ทีโอที', 'ฟรี', NULL),
('7011', 'ศูนย์บำรุงรักษากลางโทรศัพท์สาธารณะนครหลวงที่ 3 (รกน.3)', 'บมจ.ทีโอที', 'ฟรี', NULL),
('7012', 'โชว์ A Number จริง', 'บริษัท พฤกษา เรียลเอสเตท จำกัด(มหาชน)', 'ฟรี', NULL),
('7013', 'TOT postpaid', 'บมจ.ทีโอที', 'ฟรี', NULL),
('7014', 'Voice Mail fixed line (บสผ.)', 'บมจ.ทีโอที', 'ฟรี', NULL),
('7015', 'บริการ Virtual Private Network', 'บมจ.ทีโอที', 'ฟรี', NULL),
('7016 ', 'บริการ I-Box', 'บมจ.ทีโอที', 'ฟรี', NULL),
('7017 ', 'บริการ Family Card ', 'บมจ.ทีโอที', 'ฟรี', NULL),
('7023', 'บริการตัดถ่ายบางเลขหมาย', 'บมจ.ทีโอที', 'ฟรี', NULL),
('7024', 'บูม', 'สำนักงานหลักประกันสุขภาพแห่งชาติ (สปสช.)', 'promotion', NULL),
('7061', 'เพื่อแจ้ง Annuouncement (ระบบ RVS)   (TRUE เดิม)', 'บมจ.ทีโอที', 'ฟรี', NULL),
('7062', 'เพื่อแจ้ง Annuouncement (ระบบ RVS)   (TRUE เดิม)', 'บมจ.ทีโอที', 'ฟรี', NULL),
('7063', 'เพื่อแจ้ง Annuouncement (ระบบ RVS)   (TRUE เดิม)', 'บมจ.ทีโอที', 'ฟรี', NULL),
('1', 'ss', '33', 'คิดตาม promotion', NULL),
('000', '11', '1313', 'คิดตาม promotion', '2018-07-13'),
('1279', 'chonpracult', 'การสื่อสารแห่งประเทศไทย', '3 บาท/ครั้ง', NULL);

-- --------------------------------------------------------

--
-- Table structure for table `history`
--

CREATE TABLE `history` (
  `his_id` int(11) NOT NULL,
  `username` varchar(200) NOT NULL,
  `last_login` datetime NOT NULL,
  `last_logout` datetime NOT NULL,
  `user_id` int(11) DEFAULT NULL
) ENGINE=InnoDB DEFAULT CHARSET=latin1;

--
-- Dumping data for table `history`
--

INSERT INTO `history` (`his_id`, `username`, `last_login`, `last_logout`, `user_id`) VALUES
(232, 'ii', '2018-06-05 10:30:40', '2018-06-05 10:35:42', 46),
(247, 'ii', '2018-06-05 15:06:12', '2018-06-05 15:07:12', 46),
(249, 'ii', '2018-06-05 15:07:19', '2018-06-05 15:07:27', 46),
(251, 'ii', '2018-06-05 15:23:29', '2018-06-05 15:24:39', 46),
(253, 'ii', '2018-06-05 15:24:52', '2018-06-05 15:36:32', 46),
(256, 'ii', '2018-06-05 15:38:04', '2018-06-05 15:38:49', 46),
(280, 'ii', '2018-06-06 14:53:17', '2018-06-06 15:46:51', 46),
(282, 'ii', '2018-06-06 16:20:34', '2018-06-06 16:21:36', 46),
(287, 'ii', '2018-06-07 08:31:20', '2018-06-07 08:31:23', 46),
(288, 'aa', '2018-06-07 08:31:44', '2018-06-07 08:39:34', 48),
(290, 'ii', '2018-06-07 08:39:44', '2018-06-07 09:14:50', 46),
(293, 'ii', '2018-06-07 09:42:25', '2018-06-07 09:43:45', 46),
(295, 'ii', '2018-06-07 09:44:58', '2018-06-07 09:45:46', 46),
(297, 'ii', '2018-06-07 10:47:17', '2018-06-07 11:06:19', 46),
(299, 'ii', '2018-06-07 11:06:38', '2018-06-07 11:28:53', 46),
(302, 'ii', '2018-06-07 13:41:34', '2018-06-07 13:41:47', 46),
(313, 'ii', '2018-06-07 15:25:13', '2018-06-07 15:25:22', 46),
(315, 'ii', '2018-06-07 15:34:32', '0000-00-00 00:00:00', 46),
(323, 'ii', '2018-06-08 14:05:13', '2018-06-08 14:05:36', 46),
(324, 'ii', '2018-06-08 14:29:00', '2018-06-08 14:29:23', 46),
(325, 'boom', '2018-06-08 14:29:58', '2018-06-08 14:30:45', 49),
(327, 'ii', '2018-06-08 14:30:55', '2018-06-08 14:32:27', 46),
(334, 'ii', '2018-06-11 13:22:42', '2018-06-11 13:22:48', 46),
(335, 'boom', '2018-06-11 13:22:51', '2018-06-11 13:24:07', 49),
(336, 'aa', '2018-06-11 13:24:41', '2018-06-11 13:24:44', 48),
(339, 'aong', '2018-06-11 13:26:38', '2018-06-11 13:26:42', 53),
(341, 'aong', '2018-06-11 13:27:04', '2018-06-11 13:27:07', 53),
(343, 'aong', '2018-06-11 13:28:46', '2018-06-11 13:29:09', 53),
(344, 'aong', '2018-06-11 13:29:10', '2018-06-11 13:30:01', 53),
(345, 'aong', '2018-06-11 13:30:03', '2018-06-11 13:32:17', 53),
(346, 'aa', '2018-06-11 13:32:20', '2018-06-11 13:32:24', 48),
(347, 'aong', '2018-06-11 13:32:27', '2018-06-11 13:32:33', 53),
(348, 'ii', '2018-06-11 13:32:36', '0000-00-00 00:00:00', 46),
(349, 'aong', '2018-06-12 09:52:40', '2018-06-12 10:01:48', 53),
(350, 'aong', '2018-06-12 10:11:58', '2018-06-12 10:25:27', 53),
(351, 'aong', '2018-06-12 10:25:33', '2018-06-12 10:25:36', 53),
(352, 'aong', '2018-06-12 10:32:32', '2018-06-12 10:33:53', 53),
(353, 'aong', '2018-06-12 10:33:56', '2018-06-12 11:14:01', 53),
(354, 'aong', '2018-06-12 11:14:26', '2018-06-12 11:31:18', 53),
(355, 'aong', '2018-06-12 13:08:39', '2018-06-12 13:27:19', 53),
(356, 'aong', '2018-06-12 13:27:22', '2018-06-12 13:31:02', 53),
(357, 'aong', '2018-06-12 13:31:08', '0000-00-00 00:00:00', 53),
(358, 'aong', '2018-06-13 14:32:59', '0000-00-00 00:00:00', 53),
(359, 'aong', '2018-06-14 09:37:03', '0000-00-00 00:00:00', 53),
(360, 'aong', '2018-06-15 13:21:32', '2018-06-15 13:53:39', 53),
(361, 'aong', '2018-06-15 13:53:43', '2018-06-15 14:02:13', 53),
(362, 'aong', '2018-06-15 14:32:07', '2018-06-15 14:32:12', 53),
(363, 'aong', '2018-06-15 14:33:34', '2018-06-15 14:34:30', 53),
(364, 'aong', '2018-06-15 14:35:00', '2018-06-15 14:35:05', 53),
(365, 'aong', '2018-06-15 14:38:37', '2018-06-15 14:38:45', 53),
(366, 'aong', '2018-06-15 14:38:50', '2018-06-15 14:43:13', 53),
(367, 'aong', '2018-06-15 14:43:31', '2018-06-15 14:46:30', 53),
(368, 'aong', '2018-06-15 14:47:38', '2018-06-15 14:47:42', 53),
(369, 'aong', '2018-06-15 14:48:50', '2018-06-15 14:49:19', 53),
(370, 'aong', '2018-06-15 14:50:09', '2018-06-15 14:50:30', 53),
(371, 'aong', '2018-06-15 14:53:14', '2018-06-15 14:53:19', 53),
(372, 'aong', '2018-06-15 14:54:45', '2018-06-15 14:58:26', 53),
(373, 'aong', '2018-06-15 14:58:31', '2018-06-15 14:59:00', 53),
(374, 'aong', '2018-06-15 15:00:04', '2018-06-15 15:00:22', 53),
(375, 'aong', '2018-06-15 15:09:57', '2018-06-15 15:10:07', 53),
(376, 'aong', '2018-06-15 15:11:05', '2018-06-15 15:12:15', 53),
(377, 'aong', '2018-06-15 15:12:20', '2018-06-15 15:12:44', 53),
(378, 'aong', '2018-06-15 15:13:40', '2018-06-15 15:15:07', 53),
(379, 'aong', '2018-06-15 15:18:26', '2018-06-15 15:18:28', 53),
(380, 'aong', '2018-06-15 15:21:31', '2018-06-15 15:22:29', 53),
(381, 'aong', '2018-06-19 09:27:09', '2018-06-19 09:27:11', 53),
(382, 'aong', '2018-06-19 09:51:44', '2018-06-19 09:51:53', 53),
(383, 'aong', '2018-06-19 10:08:57', '0000-00-00 00:00:00', 53),
(384, 'aong', '2018-06-20 08:25:57', '2018-06-20 09:34:03', 53),
(385, 'aong', '2018-06-20 09:34:12', '2018-06-20 09:49:04', 53),
(386, 'aong', '2018-06-20 09:49:49', '2018-06-20 09:51:24', 53),
(387, 'aong', '2018-06-20 09:56:41', '2018-06-20 09:58:56', 53),
(388, 'aong', '2018-06-20 09:59:03', '2018-06-20 10:44:47', 53),
(389, 'aong', '2018-06-20 10:44:49', '2018-06-20 10:45:18', 53),
(390, 'aong', '2018-06-20 10:48:55', '2018-06-20 14:00:49', 53),
(391, 'aong', '2018-06-20 14:00:51', '2018-06-20 15:13:03', 53),
(392, 'aong', '2018-06-20 15:13:24', '2018-06-20 15:21:06', 53),
(393, 'boom', '2018-06-20 15:21:12', '2018-06-20 15:21:29', 49),
(394, 'aong', '2018-06-20 15:21:33', '0000-00-00 00:00:00', 53),
(395, 'aong', '2018-06-20 19:01:34', '2018-06-20 20:13:34', 53),
(396, 'aong', '2018-06-20 20:15:24', '2018-06-20 20:28:20', 53),
(397, 'ii', '2018-06-20 20:28:28', '2018-06-20 20:33:27', 46),
(398, 'aong', '2018-06-20 20:37:27', '0000-00-00 00:00:00', 53),
(399, 'aong', '2018-06-21 08:33:20', '0000-00-00 00:00:00', 53),
(400, 'aong', '2018-06-21 16:43:31', '0000-00-00 00:00:00', 53),
(401, 'aong', '2018-06-22 08:39:45', '2018-06-22 09:29:46', 53),
(402, 'aong', '2018-06-22 08:50:57', '2018-06-22 08:51:12', 53),
(403, 'aong', '2018-06-22 08:51:17', '0000-00-00 00:00:00', 53),
(404, 'aong', '2018-06-22 09:29:48', '2018-06-22 13:36:57', 53),
(405, 'aong', '2018-06-22 13:37:45', '0000-00-00 00:00:00', 53),
(407, 'aong', '2018-07-01 16:59:08', '0000-00-00 00:00:00', 53),
(408, 'aong', '2018-07-01 17:30:48', '0000-00-00 00:00:00', 53),
(409, 'aong', '2018-07-01 17:33:16', '0000-00-00 00:00:00', 53),
(410, 'aong', '2018-07-02 08:35:14', '2018-07-02 08:42:46', 53),
(411, 'user', '2018-07-02 08:42:51', '2018-07-02 08:42:54', 54),
(412, 'user', '2018-07-02 08:43:08', '2018-07-02 08:43:33', 54),
(413, 'aong', '2018-07-02 08:43:35', '2018-07-02 08:43:41', 53),
(414, 'user', '2018-07-02 08:43:46', '2018-07-02 08:48:54', 54),
(415, 'aong', '2018-07-02 08:48:56', '2018-07-02 09:23:40', 53),
(417, 'aong', '2018-07-02 09:28:15', '2018-07-02 09:59:08', 53),
(418, 'aong', '2018-07-02 09:59:13', '2018-07-02 10:01:10', 53),
(419, 'aong', '2018-07-12 08:19:08', '2018-07-12 08:54:08', 53),
(420, 'aong', '2018-07-12 08:54:11', '0000-00-00 00:00:00', 53);

-- --------------------------------------------------------

--
-- Table structure for table `userdata`
--

CREATE TABLE `userdata` (
  `user_id` int(11) NOT NULL,
  `username` varchar(200) NOT NULL,
  `password` varchar(200) NOT NULL,
  `img_path` varchar(1000) CHARACTER SET utf8 COLLATE utf8_unicode_ci NOT NULL,
  `status` varchar(30) DEFAULT NULL
) ENGINE=InnoDB DEFAULT CHARSET=latin1;

--
-- Dumping data for table `userdata`
--

INSERT INTO `userdata` (`user_id`, `username`, `password`, `img_path`, `status`) VALUES
(46, 'ii', '865c0c0b4ab0e063e5caa3387c1a8741', 'photo/MTShellRing1_1024x1024.jpg', 'user'),
(48, 'aa', '0cc175b9c0f1b6a831c399e269772661', 'photo/dave.jpg', 'user'),
(49, 'boom', 'e4da3b7fbbce2345d7772b0674a318d5', 'photo/30531122_1188532937944567_7699446090373791744_n.jpg', 'user'),
(53, 'aong', 'e4da3b7fbbce2345d7772b0674a318d5', 'photo/user.png', 'admin'),
(54, 'user', 'e4da3b7fbbce2345d7772b0674a318d5', 'photo/user.png', 'user');

--
-- Indexes for dumped tables
--

--
-- Indexes for table `history`
--
ALTER TABLE `history`
  ADD PRIMARY KEY (`his_id`),
  ADD KEY `user_id` (`user_id`);

--
-- Indexes for table `userdata`
--
ALTER TABLE `userdata`
  ADD PRIMARY KEY (`user_id`);

--
-- AUTO_INCREMENT for dumped tables
--

--
-- AUTO_INCREMENT for table `history`
--
ALTER TABLE `history`
  MODIFY `his_id` int(11) NOT NULL AUTO_INCREMENT, AUTO_INCREMENT=421;

--
-- AUTO_INCREMENT for table `userdata`
--
ALTER TABLE `userdata`
  MODIFY `user_id` int(11) NOT NULL AUTO_INCREMENT, AUTO_INCREMENT=55;

--
-- Constraints for dumped tables
--

--
-- Constraints for table `history`
--
ALTER TABLE `history`
  ADD CONSTRAINT `history_ibfk_1` FOREIGN KEY (`user_id`) REFERENCES `userdata` (`user_id`) ON DELETE CASCADE ON UPDATE CASCADE;
COMMIT;

/*!40101 SET CHARACTER_SET_CLIENT=@OLD_CHARACTER_SET_CLIENT */;
/*!40101 SET CHARACTER_SET_RESULTS=@OLD_CHARACTER_SET_RESULTS */;
/*!40101 SET COLLATION_CONNECTION=@OLD_COLLATION_CONNECTION */;
